,都道府県,都市,人口2015,人口2020,年少人口,生産年齢人口,老年人口,人口増加率,年少人口増加率,生産年齢人口増加率,老年人口増加率,出生数,死亡数,転入数,転出数,出生数増加率,死亡数増加率,転入数増加率,転出数増加率,産業別特化係数_設備工事業_付加価値額,産業別特化係数_設備工事業_従業者数,産業別特化係数_設備工事業_労働生産性,産業別特化係数_食料品製造業_付加価値額,産業別特化係数_食料品製造業_従業者数,産業別特化係数_食料品製造業_労働生産性,産業別特化係数_飲料・たばこ・飼料製造業_付加価値額,産業別特化係数_飲料・たばこ・飼料製造業_従業者数,産業別特化係数_飲料・たばこ・飼料製造業_労働生産性,産業別特化係数_繊維工業_付加価値額,産業別特化係数_繊維工業_従業者数,産業別特化係数_繊維工業_労働生産性,産業別特化係数_飲食店_付加価値額,産業別特化係数_飲食店_従業者数,産業別特化係数_飲食店_労働生産性,産業別特化係数_その他の教育，学習支援業_付加価値額,産業別特化係数_その他の教育，学習支援業_従業者数,産業別特化係数_その他の教育，学習支援業_労働生産性,産業別特化係数_医療業_付加価値額,産業別特化係数_医療業_従業者数,産業別特化係数_医療業_労働生産性,産業別特化係数_社会保険・社会福祉・介護事業_付加価値額,産業別特化係数_社会保険・社会福祉・介護事業_従業者数,産業別特化係数_社会保険・社会福祉・介護事業_労働生産性,産業別特化係数_郵便局_付加価値額,産業別特化係数_郵便局_従業者数,産業別特化係数_郵便局_労働生産性,産業別特化係数_自動車整備業_付加価値額,産業別特化係数_自動車整備業_従業者数,産業別特化係数_自動車整備業_労働生産性,企業数,事業所数,従業者数（事業所単位）,付加価値額（企業単位）,労働生産性（企業単位）,創業比率_2009〜2012年,創業比率_2012〜2014年,創業比率_2014〜2016年,黒字赤字企業比率_黒字,黒字赤字企業比率_赤字,表彰・補助金採択_地域ごとの分布_表彰企業数,表彰・補助金採択_地域ごとの分布_補助金件数,表彰・補助金採択_地域ごとの分布_補助金金額,海外への企業進出動向_企業進出数,地元進学男性,地元進学女性,地元就職男性,地元就職女性,流出進学男性,流出進学女性,流出就職男性,流出就職女性,流入進学男性,流入進学女性,流入就職男性,流入就職女性,一人当たり賃金,有効求人倍率,有効求職者数（男性）,有効求職者数（女性）,有効求人数,就職件数,医療需給_推移_病院の推計入院患者数（傷病分類別）,医療需給_推移_推計外来患者数（傷病分類別）,医療需給_推移_病院数（診療科別）,医療需給_推移_一般診療所数（診療科別）,医療需給_推移_歯科診療所数,医療需給_推移_病床数（病床種類別）,医療需給_推移_医師数（主たる診療科別）,医療需給_推移_歯科医師数,医療需給_推移_薬剤師数,医療需給_推移_看護師・准看護師（病院・診療所別）,目的別歳出決算額構成割合_総務費,目的別歳出決算額構成割合_民生費,目的別歳出決算額構成割合_衛生費,目的別歳出決算額構成割合_農林水産業費,目的別歳出決算額構成割合_商工費,目的別歳出決算額構成割合_土木費,目的別歳出決算額構成割合_警察費・消防費,目的別歳出決算額構成割合_教育費,目的別歳出決算額構成割合_公債費,目的別歳出決算額構成割合_労務費,目的別歳出決算額構成割合_その他,一人当たり地方税,一人当たり市町村民税法人分,一人当たり固定資産税,産業別特化係数_総合工事業_付加価値額,産業別特化係数_総合工事業_従業者数,産業別特化係数_総合工事業_労働生産性,産業別特化係数_職別工事業(設備工事業を除く)_付加価値額,産業別特化係数_職別工事業(設備工事業を除く)_従業者数,産業別特化係数_職別工事業(設備工事業を除く)_労働生産性,産業別特化係数_運輸に附帯するサービス業_付加価値額,産業別特化係数_運輸に附帯するサービス業_従業者数,産業別特化係数_運輸に附帯するサービス業_労働生産性,産業別特化係数_織物・衣服・身の回り品小売業_付加価値額,産業別特化係数_織物・衣服・身の回り品小売業_従業者数,産業別特化係数_織物・衣服・身の回り品小売業_労働生産性,産業別特化係数_飲食料品小売業_付加価値額,産業別特化係数_飲食料品小売業_従業者数,産業別特化係数_飲食料品小売業_労働生産性,産業別特化係数_機械器具小売業_付加価値額,産業別特化係数_機械器具小売業_従業者数,産業別特化係数_機械器具小売業_労働生産性,産業別特化係数_その他の小売業_付加価値額,産業別特化係数_その他の小売業_従業者数,産業別特化係数_その他の小売業_労働生産性,産業別特化係数_洗濯・理容・美容・浴場業_付加価値額,産業別特化係数_洗濯・理容・美容・浴場業_従業者数,産業別特化係数_洗濯・理容・美容・浴場業_労働生産性,産業別特化係数_窯業・土石製品製造業_付加価値額,産業別特化係数_窯業・土石製品製造業_従業者数,産業別特化係数_窯業・土石製品製造業_労働生産性,産業別特化係数_道路貨物運送業_付加価値額,産業別特化係数_道路貨物運送業_従業者数,産業別特化係数_道路貨物運送業_労働生産性,産業別特化係数_飲食料品卸売業_付加価値額,産業別特化係数_飲食料品卸売業_従業者数,産業別特化係数_飲食料品卸売業_労働生産性,産業別特化係数_機械器具卸売業_付加価値額,産業別特化係数_機械器具卸売業_従業者数,産業別特化係数_機械器具卸売業_労働生産性,産業別特化係数_その他の卸売業_付加価値額,産業別特化係数_その他の卸売業_従業者数,産業別特化係数_その他の卸売業_労働生産性,産業別特化係数_不動産賃貸業・管理業_付加価値額,産業別特化係数_不動産賃貸業・管理業_従業者数,産業別特化係数_不動産賃貸業・管理業_労働生産性,産業別特化係数_技術サービス業（他に分類されないもの）_付加価値額,産業別特化係数_技術サービス業（他に分類されないもの）_従業者数,産業別特化係数_技術サービス業（他に分類されないもの）_労働生産性,産業別特化係数_宿泊業_付加価値額,産業別特化係数_宿泊業_従業者数,産業別特化係数_宿泊業_労働生産性,産業別特化係数_持ち帰り・配達飲食サービス業_付加価値額,産業別特化係数_持ち帰り・配達飲食サービス業_従業者数,産業別特化係数_持ち帰り・配達飲食サービス業_労働生産性,産業別特化係数_その他の生活関連サービス業_付加価値額,産業別特化係数_その他の生活関連サービス業_従業者数,産業別特化係数_その他の生活関連サービス業_労働生産性,産業別特化係数_娯楽業_付加価値額,産業別特化係数_娯楽業_従業者数,産業別特化係数_娯楽業_労働生産性,産業別特化係数_廃棄物処理業_付加価値額,産業別特化係数_廃棄物処理業_従業者数,産業別特化係数_廃棄物処理業_労働生産性,産業別特化係数_その他の事業サービス業_付加価値額,産業別特化係数_その他の事業サービス業_従業者数,産業別特化係数_その他の事業サービス業_労働生産性,産業別特化係数_宗教_付加価値額,産業別特化係数_宗教_従業者数,産業別特化係数_宗教_労働生産性,産業別特化係数_農業_付加価値額,産業別特化係数_農業_従業者数,産業別特化係数_農業_労働生産性,産業別特化係数_建築材料，鉱物・金属材料等卸売業_付加価値額,産業別特化係数_建築材料，鉱物・金属材料等卸売業_従業者数,産業別特化係数_建築材料，鉱物・金属材料等卸売業_労働生産性,産業別特化係数_専門サービス業（他に分類されないもの）_付加価値額,産業別特化係数_専門サービス業（他に分類されないもの）_従業者数,産業別特化係数_専門サービス業（他に分類されないもの）_労働生産性,産業別特化係数_機械等修理業（別掲を除く）_付加価値額,産業別特化係数_機械等修理業（別掲を除く）_従業者数,産業別特化係数_機械等修理業（別掲を除く）_労働生産性,産業別特化係数_物品賃貸業_付加価値額,産業別特化係数_物品賃貸業_従業者数,産業別特化係数_物品賃貸業_労働生産性,産業別特化係数_家具・装備品製造業_付加価値額,産業別特化係数_家具・装備品製造業_従業者数,産業別特化係数_家具・装備品製造業_労働生産性,産業別特化係数_パルプ・紙・紙加工品製造業_付加価値額,産業別特化係数_パルプ・紙・紙加工品製造業_従業者数,産業別特化係数_パルプ・紙・紙加工品製造業_労働生産性,産業別特化係数_印刷・同関連業_付加価値額,産業別特化係数_印刷・同関連業_従業者数,産業別特化係数_印刷・同関連業_労働生産性,産業別特化係数_化学工業_付加価値額,産業別特化係数_化学工業_従業者数,産業別特化係数_化学工業_労働生産性,産業別特化係数_鉄鋼業_付加価値額,産業別特化係数_鉄鋼業_従業者数,産業別特化係数_鉄鋼業_労働生産性,産業別特化係数_金属製品製造業_付加価値額,産業別特化係数_金属製品製造業_従業者数,産業別特化係数_金属製品製造業_労働生産性,産業別特化係数_業務用機械器具製造業_付加価値額,産業別特化係数_業務用機械器具製造業_従業者数,産業別特化係数_業務用機械器具製造業_労働生産性,産業別特化係数_輸送用機械器具製造業_付加価値額,産業別特化係数_輸送用機械器具製造業_従業者数,産業別特化係数_輸送用機械器具製造業_労働生産性,産業別特化係数_その他の製造業_付加価値額,産業別特化係数_その他の製造業_従業者数,産業別特化係数_その他の製造業_労働生産性,産業別特化係数_通信業_付加価値額,産業別特化係数_通信業_従業者数,産業別特化係数_通信業_労働生産性,産業別特化係数_放送業_付加価値額,産業別特化係数_放送業_従業者数,産業別特化係数_放送業_労働生産性,産業別特化係数_情報サービス業_付加価値額,産業別特化係数_情報サービス業_従業者数,産業別特化係数_情報サービス業_労働生産性,産業別特化係数_インターネット附随サービス業_付加価値額,産業別特化係数_インターネット附随サービス業_従業者数,産業別特化係数_インターネット附随サービス業_労働生産性,産業別特化係数_映像・音声・文字情報制作業_付加価値額,産業別特化係数_映像・音声・文字情報制作業_従業者数,産業別特化係数_映像・音声・文字情報制作業_労働生産性,産業別特化係数_道路旅客運送業_付加価値額,産業別特化係数_道路旅客運送業_従業者数,産業別特化係数_道路旅客運送業_労働生産性,産業別特化係数_水運業_付加価値額,産業別特化係数_水運業_従業者数,産業別特化係数_水運業_労働生産性,産業別特化係数_倉庫業_付加価値額,産業別特化係数_倉庫業_従業者数,産業別特化係数_倉庫業_労働生産性,産業別特化係数_繊維・衣服等卸売業_付加価値額,産業別特化係数_繊維・衣服等卸売業_従業者数,産業別特化係数_繊維・衣服等卸売業_労働生産性,産業別特化係数_無店舗小売業_付加価値額,産業別特化係数_無店舗小売業_従業者数,産業別特化係数_無店舗小売業_労働生産性,産業別特化係数_銀行業_付加価値額,産業別特化係数_銀行業_従業者数,産業別特化係数_銀行業_労働生産性,産業別特化係数_貸金業，クレジットカード業等非預金信用機関_付加価値額,産業別特化係数_貸金業，クレジットカード業等非預金信用機関_従業者数,産業別特化係数_貸金業，クレジットカード業等非預金信用機関_労働生産性,産業別特化係数_補助的金融業等_付加価値額,産業別特化係数_補助的金融業等_従業者数,産業別特化係数_補助的金融業等_労働生産性,産業別特化係数_保険業（保険媒介代理業，保険サービス業を含む）_付加価値額,産業別特化係数_保険業（保険媒介代理業，保険サービス業を含む）_従業者数,産業別特化係数_保険業（保険媒介代理業，保険サービス業を含む）_労働生産性,産業別特化係数_不動産取引業_付加価値額,産業別特化係数_不動産取引業_従業者数,産業別特化係数_不動産取引業_労働生産性,産業別特化係数_学術・開発研究機関_付加価値額,産業別特化係数_学術・開発研究機関_従業者数,産業別特化係数_学術・開発研究機関_労働生産性,産業別特化係数_広告業_付加価値額,産業別特化係数_広告業_従業者数,産業別特化係数_広告業_労働生産性,産業別特化係数_学校教育_付加価値額,産業別特化係数_学校教育_従業者数,産業別特化係数_学校教育_労働生産性,産業別特化係数_協同組合（他に分類されないもの）_付加価値額,産業別特化係数_協同組合（他に分類されないもの）_従業者数,産業別特化係数_協同組合（他に分類されないもの）_労働生産性,産業別特化係数_職業紹介・労働者派遣業_付加価値額,産業別特化係数_職業紹介・労働者派遣業_従業者数,産業別特化係数_職業紹介・労働者派遣業_労働生産性,産業別特化係数_政治・経済・文化団体_付加価値額,産業別特化係数_政治・経済・文化団体_従業者数,産業別特化係数_政治・経済・文化団体_労働生産性,創業比率_2001〜2004年,創業比率_2004〜2006年,創業比率_2006〜2009年,産業別特化係数_プラスチック製品製造業（別掲を除く）_付加価値額,産業別特化係数_プラスチック製品製造業（別掲を除く）_従業者数,産業別特化係数_プラスチック製品製造業（別掲を除く）_労働生産性,産業別特化係数_水産養殖業_付加価値額,産業別特化係数_水産養殖業_従業者数,産業別特化係数_水産養殖業_労働生産性,産業別特化係数_鉱業，採石業，砂利採取業_付加価値額,産業別特化係数_鉱業，採石業，砂利採取業_従業者数,産業別特化係数_鉱業，採石業，砂利採取業_労働生産性,産業別特化係数_木材・木製品製造業（家具を除く）_付加価値額,産業別特化係数_木材・木製品製造業（家具を除く）_従業者数,産業別特化係数_木材・木製品製造業（家具を除く）_労働生産性,産業別特化係数_ゴム製品製造業_付加価値額,産業別特化係数_ゴム製品製造業_従業者数,産業別特化係数_ゴム製品製造業_労働生産性,産業別特化係数_電気機械器具製造業_付加価値額,産業別特化係数_電気機械器具製造業_従業者数,産業別特化係数_電気機械器具製造業_労働生産性,産業別特化係数_生産用機械器具製造業_付加価値額,産業別特化係数_生産用機械器具製造業_従業者数,産業別特化係数_生産用機械器具製造業_労働生産性
0,鹿児島県,龍郷町,5806,5817,918,2990,1906,0.19,-1.17,-3.35,7.14,50,84,404,328,0.8064516129032258,0.7924528301886793,0.9877750611246944,0.9761904761904762,0.6109,0.3188,0.8678,0.6777,0.9082,0.3661,60.8657,11.6805,2.3984,1.2078,3.0928,0.1974,1.0471,0.4297,1.0791,0.5971,0.372,0.7025,0.3453,0.1623,0.9632,24.3321,3.36,3.3615,0.328,0.584,0.2634,3.3805,2.5628,0.5886,234,313,1822,5010,3945,1.65,4.77,3.07,85.3,14.7,27,508,5421782368,16,1.6,2.5,9.8,18.6,2.9,2.1,1.6,2.3,1.2,0.6,0.3,1.9,377.03,1.33,167002,218726,403899,29005,26.5,99.4,0,8,2,0,2,2,1,24817,26.33,22.38,6.59,3.49,5.49,6.36,2.64,14.62,11.14,0.0,0.96,88,5,41,,,,,,,,,,,,,,,,,,,,,,,,,,,,,,,,,,,,,,,,,,,,,,,,,,,,,,,,,,,,,,,,,,,,,,,,,,,,,,,,,,,,,,,,,,,,,,,,,,,,,,,,,,,,,,,,,,,,,,,,,,,,,,,,,,,,,,,,,,,,,,,,,,,,,,,,,,,,,,,,,,,,,,,,,,,,,,,,,,,,,,,,,,,,,,,,,,,
1,鹿児島県,喜界町,7212,6629,824,3118,2663,-8.07,-9.24,-14.57,0.6,39,109,278,293,0.6842105263157895,0.8934426229508197,0.9488054607508533,0.7792553191489362,1.0059,1.2481,0.2929,1.4515,2.288,0.2324,,,,,,,2.23,1.5234,0.5029,,,,0.646,0.2947,0.7965,4.0925,0.7035,2.1326,0.7911,1.5245,0.1954,6.2242,3.8465,0.5795,323,386,2105,3081,1993,1.92,3.62,4.02,81.0,19.0,27,508,5421782368,16,1.6,2.5,9.8,18.6,2.9,2.1,1.6,2.3,1.2,0.6,0.3,1.9,377.03,1.33,167002,218726,403899,29005,26.5,99.4,1,3,3,89,4,3,2,24817,22.96,17.18,16.66,11.99,0.77,8.58,2.14,8.59,9.52,0.0,1.61,77,4,32,4.4284,4.4143,0.3681,0.2051,0.3111,0.2347,5.1561,5.7525,0.3296,0.3673,0.5825,0.2251,5.8962,2.9516,0.7362,4.8948,3.7991,0.4675,3.1623,1.8277,0.6291,1.422,1.5623,0.318,,,,,,,,,,,,,,,,,,,,,,,,,,,,,,,,,,,,,,,,,,,,,,,,,,,,,,,,,,,,,,,,,,,,,,,,,,,,,,,,,,,,,,,,,,,,,,,,,,,,,,,,,,,,,,,,,,,,,,,,,,,,,,,,,,,,,,,,,,,,,,,,,,,,,,,,,,,,,,,,,,,,,,,,,,,
2,鹿児島県,徳之島町,11160,10147,1533,5246,3368,-9.07,-13.48,-13.65,1.75,92,159,550,638,0.7863247863247863,0.9085714285714286,0.858034321372855,0.8586810228802153,1.0357,0.7821,0.7566,0.504,0.7534,0.3852,17.7712,6.7065,1.5388,,,,1.303,1.2974,0.5728,,,,1.169,0.783,0.8615,9.612,2.35,2.357,,,,1.652,2.104,0.5341,647,816,4614,11165,3157,1.71,3.2,3.5,86.4,13.6,27,508,5421782368,16,1.6,2.5,9.8,18.6,2.9,2.1,1.6,2.3,1.2,0.6,0.3,1.9,377.03,1.33,167002,218726,403899,29005,26.5,99.4,3,4,2,447,20,4,14,24817,28.48,19.24,7.32,9.3,3.84,8.91,3.35,10.64,7.78,0.09,1.05,93,4,42,2.4832,2.7357,0.54,0.8076,0.7327,0.6169,,,,0.5462,0.9602,0.3192,2.9131,1.7565,0.9461,1.9078,1.9676,0.553,2.2311,3.3199,0.3841,0.7039,0.9743,0.4212,1.0334,2.8869,0.2077,1.502,1.3264,0.6533,0.6429,1.5317,0.2556,0.1029,0.2015,0.2937,0.2744,0.3184,0.4883,0.182,1.3403,0.0841,1.0934,1.5193,0.4143,1.6584,1.4871,0.6731,1.5017,1.1083,0.773,1.1445,0.6971,0.92,0.3261,0.5027,0.3579,1.5844,1.7208,0.5292,0.1974,0.1415,0.7933,0.0,0.1777,0.0,,,,,,,,,,,,,,,,,,,,,,,,,,,,,,,,,,,,,,,,,,,,,,,,,,,,,,,,,,,,,,,,,,,,,,,,,,,,,,,,,,,,,,,,,,,,,,,,,,,,,,,,,,,,,,,,,,,,,,,,,,,,,,,,,
3,鹿児島県,天城町,5975,5517,769,2701,2047,-7.66,-10.36,-13.47,2.61,35,111,236,278,0.7142857142857143,1.099009900990099,0.9182879377431906,0.9266666666666666,,,,1.2364,2.2329,0.1998,,,,,,,2.0584,1.1617,0.7412,,,,,,,,,,0.5368,1.5377,0.1295,1.3017,4.9049,0.1311,219,283,1535,2173,2056,0.36,2.6,3.81,79.8,20.2,27,508,5421782368,16,1.6,2.5,9.8,18.6,2.9,2.1,1.6,2.3,1.2,0.6,0.3,1.9,377.03,1.33,167002,218726,403899,29005,26.5,99.4,0,3,1,0,2,1,2,24817,29.47,16.2,7.3,10.7,3.47,9.78,3.27,7.58,10.55,0.0,1.68,75,3,35,4.6691,6.8055,0.248,,,,,,,0.0604,0.4067,0.0522,2.9959,1.6559,0.6427,3.0717,1.5701,0.6992,4.2801,1.9093,1.0119,1.0195,1.3182,0.2662,,,,0.6803,1.6539,0.2152,0.3902,1.2834,0.1081,,,,0.0,0.1922,0.0,,,,0.5865,0.6987,0.3028,3.109,4.1597,0.2595,,,,,,,2.6442,0.6847,1.3352,,,,,,,,,,13.4058,6.5207,0.7393,,,,,,,,,,,,,,,,,,,,,,,,,,,,,,,,,,,,,,,,,,,,,,,,,,,,,,,,,,,,,,,,,,,,,,,,,,,,,,,,,,,,,,,,,,,,,,,,,,,,,,,,,,,,,,,,,,,,,,,,,,,,,,
4,鹿児島県,伊仙町,6362,6139,985,2831,2323,-3.5,2.07,-9.97,3.2,47,131,258,261,0.9591836734693877,0.903448275862069,0.8138801261829653,0.7653958944281525,,,,0.7225,2.1026,0.1722,,,,,,,0.4676,0.6591,0.3209,,,,0.2927,0.2253,0.6214,15.281,4.286,1.7207,0.7025,1.3407,0.2597,4.24,4.5729,0.4372,229,264,1322,2819,2610,1.65,4.05,7.32,87.2,12.8,27,508,5421782368,16,1.6,2.5,9.8,18.6,2.9,2.1,1.6,2.3,1.2,0.6,0.3,1.9,377.03,1.33,167002,218726,403899,29005,26.5,99.4,0,3,2,0,1,4,0,24817,25.72,21.2,8.44,11.82,1.2,5.52,3.02,9.83,12.06,0.0,1.19,50,2,17,7.9947,7.4802,0.5163,,,,,,,0.0603,0.3353,0.0846,2.2959,1.3251,0.8226,1.867,1.1158,0.7992,3.2933,1.1976,1.3164,,,,,,,,,,-0.7855,0.2784,-1.3402,,,,,,,0.069,0.1879,0.1717,,,,,,,,,,,,,,,,,,,,,,,,,21.7007,5.2261,1.9956,0.2537,0.4323,0.2827,,,,,,,,,,,,,,,,,,,,,,,,,,,,,,,,,,,,,,,,,,,,,,,,,,,,,,,,,,,,,,,,,,,,,,,,,,,,,,,,,,,,,,,,,,,,,,,,,,,,,,,,,,,,,,,,,,,,,,,,,,,
5,鹿児島県,和泊町,6783,6246,904,3075,2267,-7.91,-14.22,-14.64,6.63,52,131,349,383,0.6933333333333334,1.3645833333333333,0.8725,1.005249343832021,0.4014,0.5626,0.4049,3.39,2.3992,0.808,0.7825,2.8506,0.1583,,,,1.7351,1.1581,0.8183,0.475,0.6803,0.3829,1.4061,1.6912,0.4717,5.0442,1.5827,1.8244,,,,5.3057,4.4408,0.6681,359,450,2436,6523,3239,2.61,2.95,5.39,80.5,19.5,27,508,5421782368,16,1.6,2.5,9.8,18.6,2.9,2.1,1.6,2.3,1.2,0.6,0.3,1.9,377.03,1.33,167002,218726,403899,29005,26.5,99.4,0,4,2,0,3,2,6,24817,25.23,17.74,4.89,12.96,1.4,9.85,3.95,7.49,14.76,0.2,1.53,91,5,41,1.5095,2.0156,0.4352,1.1972,1.1475,0.5801,,,,0.2311,0.8592,0.1499,2.8221,1.7491,0.949,2.8674,1.9444,0.8355,1.6326,1.5454,0.6989,1.3296,1.4164,0.5209,3.2007,3.2128,0.5742,0.3472,0.7464,0.2666,1.4628,1.7124,0.4813,,,,,,,0.0052,0.6098,0.0047,0.0642,0.1845,0.1991,,,,,,,,,,,,,1.3639,1.3654,0.5703,,,,0.0,0.4029,0.0,,,,0.5492,1.2188,0.2574,0.0338,0.2272,0.0822,0.175,0.5642,0.175,,,,,,,,,,,,,,,,,,,,,,,,,,,,,,,,,,,,,,,,,,,,,,,,,,,,,,,,,,,,,,,,,,,,,,,,,,,,,,,,,,,,,,,,,,,,,,,,,,,,,,,,,,,,,,,,,,,,,
6,鹿児島県,知名町,6213,5750,798,2745,2163,-7.44,-13.53,-17.28,9.74,23,93,298,308,0.3898305084745763,0.8454545454545455,0.9003021148036254,0.77,1.0345,1.3306,0.4024,0.0717,0.3112,0.1201,1.9682,3.1508,0.3286,,,,3.1574,1.3609,1.135,0.7302,0.6028,0.6059,1.07,0.686,0.807,11.2385,2.2368,2.6229,,,,2.7757,3.5869,0.3947,277,329,1772,3887,2850,2.73,2.25,3.15,86.2,13.8,27,508,5421782368,16,1.6,2.5,9.8,18.6,2.9,2.1,1.6,2.3,1.2,0.6,0.3,1.9,377.03,1.33,167002,218726,403899,29005,26.5,99.4,1,4,4,132,7,4,2,24817,22.7,18.43,5.02,12.53,2.58,8.07,2.91,11.85,14.22,0.0,1.69,89,4,39,4.112,3.8827,0.5534,2.8498,1.6557,0.8727,,,,0.9738,0.7232,0.6845,2.7047,1.4523,0.9565,2.5445,2.538,0.518,2.9407,2.5664,0.5933,1.7814,1.7268,0.603,,,,,,,3.9718,3.0028,0.8496,0.49,0.4033,0.6332,,,,,,,,,,6.7242,2.7911,1.2094,0.8856,0.8873,0.5158,,,,,,,,,,,,,,,,,,,0.4998,0.5087,0.512,,,,,,,,,,,,,,,,,,,,,,,,,,,,,,,,,,,,,,,,,,,,,,,,,,,,,,,,,,,,,,,,,,,,,,,,,,,,,,,,,,,,,,,,,,,,,,,,,,,,,,,,,,,,,,,,,,,,,,,,,,,
7,鹿児島県,与論町,5186,5115,747,2576,1792,-1.36,-2.98,-7.83,10.55,33,76,242,232,0.825,0.9047619047619048,0.8673835125448028,0.8111888111888111,,,,0.1966,0.8086,0.0965,,,,0.1872,0.598,0.1224,2.2386,1.1589,0.7517,,,,0.3956,0.3069,0.5077,12.1184,1.6259,2.9621,,,,14.7375,6.0207,0.9504,269,327,1796,2505,2149,1.72,4.0,6.15,77.4,22.6,27,508,5421782368,16,1.6,2.5,9.8,18.6,2.9,2.1,1.6,2.3,1.2,0.6,0.3,1.9,377.03,1.33,167002,218726,403899,29005,26.5,99.4,1,3,2,81,3,2,3,24817,24.54,20.7,8.1,8.58,4.58,8.11,6.11,8.12,10.01,0.0,1.15,72,5,30,4.9737,5.0704,0.3902,,,,,,,0.1744,0.5436,0.1241,2.6452,2.2537,0.4589,1.6007,1.3439,0.4685,2.5228,2.12,0.4691,1.2656,1.0849,0.4418,,,,,,,6.2086,2.2571,1.0761,,,,,,,,,,,,,4.9389,6.3689,0.2964,0.2532,0.6987,0.1426,0.9779,2.3807,0.1587,0.4347,0.5943,0.2784,,,,,,,0.0,1.4565,0.0,,,,,,,,,,,,,-0.1932,1.2348,-0.0611,,,,,,,,,,,,,,,,,,,,,,,,,,,,,,,,,,,,,,,,,,,,,,,,,,,,,,,,,,,,,,,,,,,,,,,,,,,,,,,,,,,,,,,,,,,,,,,,,,,,,,,,,,,,,,,,,,
8,沖縄県,那覇市,319435,317625,46166,189536,72287,-0.56,-7.31,-5.31,13.81,2807,2784,15626,16970,0.8409227082085081,1.0638135269392435,0.8885982371339209,0.993617893319281,1.7141,1.3745,0.8746,0.8428,0.7392,0.8176,0.1678,0.4402,0.2779,0.2138,0.2843,0.5527,1.5678,1.4028,0.9862,1.4994,1.5728,0.6617,1.2429,1.0306,0.8682,,,,,,,0.4808,0.5103,0.6543,12787,17339,156031,501243,4066,2.57,8.1,6.39,84.9,15.1,7,374,28534939618,2,1.8,2.1,7.2,8.5,1.3,1.4,0.2,1.2,0.6,0.3,0.1,0.1,353.03,1.0,155700,190180,222201,18913,15.6,64.5,17,274,180,3167,792,235,564,16085,27.67,42.58,5.06,0.11,1.35,6.17,1.63,8.87,6.15,0.02,0.39,156,13,73,0.9088,0.8299,0.8605,0.7083,0.5415,0.9276,2.0241,2.9852,0.4792,0.6794,0.9484,0.5272,1.3504,0.838,1.2198,0.653,0.4718,1.0176,1.101,1.0219,0.8297,1.053,1.0603,0.799,0.4538,0.6044,0.612,0.5255,0.4688,0.805,1.094,1.1733,0.6675,0.6707,0.8284,0.5731,0.644,0.8516,0.5854,1.9822,1.9641,0.7639,1.4086,1.4884,0.6869,4.5885,2.9926,1.0695,0.961,0.6799,1.0524,3.2097,3.0303,0.7571,1.0759,1.1883,0.6288,,,,1.3811,1.7679,0.5526,-1.7386,0.3378,-3.7149,0.0886,0.11,0.5966,1.0564,0.7545,1.0046,0.7346,1.6722,0.3067,0.391,0.2726,1.0101,1.5505,1.7375,0.6772,0.0543,0.1413,0.3337,0.0091,0.0205,0.311,0.508,0.5396,0.6788,0.0046,0.0348,0.1296,0.5154,0.3101,1.1741,0.0173,0.0351,0.4038,0.0215,0.0434,0.3478,0.0025,0.0076,0.2409,0.1913,0.2202,0.7017,2.0233,0.8096,1.7907,3.2887,2.71,0.8715,0.8583,1.0148,0.6097,0.7354,2.372,0.2419,2.5411,2.1498,0.8073,1.5048,1.6748,0.6671,520.7424,4.4955,81.2457,1.924,0.781,1.7397,0.226,0.3782,0.4417,0.5063,0.6862,0.5525,2.4413,4.2897,0.4108,0.3147,2.0882,0.1081,2.3531,2.5434,0.6645,2.4586,0.5398,3.3146,1.6039,1.3354,0.8894,0.3575,0.4765,0.5325,1.3513,4.5848,0.2075,0.5316,0.5232,0.7413,6.1368,5.4679,0.8043,0.5766,0.4495,0.9111,1.4302,1.7194,0.5906,6.24,15.27,4.36,,,,,,,,,,,,,,,,,,,,,
9,沖縄県,宜野湾市,96243,100125,16651,60492,18925,4.03,-1.46,-1.77,18.65,1201,629,5552,5300,0.9600319744204636,1.1192170818505338,1.007074188282242,0.9962406015037594,1.7414,1.3495,0.6981,0.3391,0.4141,0.4653,,,,0.2249,0.2106,0.562,1.2229,0.9134,0.7642,1.1765,1.2203,0.517,1.1024,0.6453,0.9231,,,,,,,1.7548,1.3205,0.7218,2903,3661,32121,105351,2992,3.05,8.14,7.47,84.1,15.9,7,374,28534939618,2,1.8,2.1,7.2,8.5,1.3,1.4,0.2,1.2,0.6,0.3,0.1,0.1,353.03,1.0,155700,190180,222201,18913,15.6,64.5,4,50,42,786,96,52,88,16085,30.98,39.78,4.14,0.12,1.05,6.07,2.54,9.63,4.98,0.19,0.52,119,6,57,0.8102,0.8433,0.5175,1.0785,0.7702,0.7919,,,,1.3543,0.6911,1.0832,2.4583,1.341,0.9881,0.8509,0.8686,0.5843,1.5094,0.9196,0.9466,3.7406,1.6419,1.2105,0.5047,0.4286,0.6343,0.9217,0.601,0.8636,0.7824,0.803,0.5308,0.7465,0.6831,0.5929,0.9935,0.6616,0.8161,0.716,1.196,0.3653,1.6921,1.2107,0.7535,1.2557,0.5636,1.1559,1.0424,1.3112,0.4712,0.1151,0.4344,0.1455,3.7943,2.488,0.7957,0.4474,0.4402,0.5875,1.2338,1.1847,0.5779,2.5972,0.373,3.8271,,,,0.8036,0.6325,0.6783,0.2827,0.5959,0.2495,0.1529,0.3673,0.3087,0.7643,1.0918,0.3696,0.3125,0.2953,0.6524,,,,0.0773,0.1077,0.4105,0.021,0.042,0.2713,,,,0.1608,0.1803,0.4919,,,,,,,0.8914,0.9123,0.5208,,,,,,,0.6436,0.797,0.4552,,,,0.7923,4.4637,0.0915,1.0692,1.1113,0.5406,,,,,,,0.0299,0.0492,0.3636,0.7927,0.4948,0.9163,,,,,,,,,,,,,1.2297,1.0585,0.6125,,,,0.1018,0.1616,0.3486,2.0233,1.2244,0.8964,,,,,,,,,,7.38,8.39,4.68,0.0094,0.0539,0.3162,,,,,,,,,,,,,,,,,,
10,沖縄県,石垣市,47564,47637,8162,28172,10482,0.15,-5.51,-4.82,15.61,485,421,3265,3337,0.8096828046744574,1.0023809523809524,1.0488274975907486,1.070237331622835,1.3535,1.032,0.7598,2.1421,1.9609,0.6638,1.7618,2.0581,0.5024,0.6868,0.6969,0.5646,3.8224,2.0614,1.1066,1.3193,0.9747,0.8444,1.1385,0.7247,0.9393,7.5785,1.7959,2.4919,,,,6.2357,2.3118,1.5573,2489,3085,19879,48512,3271,2.85,7.94,8.36,85.1,14.9,7,374,28534939618,2,1.8,2.1,7.2,8.5,1.3,1.4,0.2,1.2,0.6,0.3,0.1,0.1,353.03,1.0,155700,190180,222201,18913,15.6,64.5,3,29,19,461,93,25,62,16085,29.37,33.2,4.76,6.77,1.99,8.11,1.65,7.93,5.55,0.03,0.64,124,7,66,3.0181,1.9262,0.9245,0.9674,0.8566,0.7531,2.9686,2.8749,0.607,0.6148,0.8815,0.4036,2.039,1.2765,0.9652,1.0047,1.3064,0.4791,1.8287,1.4424,0.7608,1.4608,1.1166,0.7595,2.6268,1.9533,0.8193,0.2215,0.2064,0.6461,1.877,1.5031,0.7398,0.1036,0.0901,0.6682,0.3851,0.4998,0.486,0.4919,1.0274,0.2823,1.0166,1.151,0.5254,7.1246,4.4568,0.915,1.2198,0.4296,1.6369,1.8438,0.9188,1.1365,1.3651,1.6369,0.4906,1.1189,0.8538,0.8399,0.6291,0.7178,0.5278,0.9223,0.1791,3.0811,,,,0.4813,0.581,0.4815,,,,0.2679,0.6946,0.2491,2.6867,2.2192,0.7077,1.4116,0.9773,0.84,,,,0.2342,0.2264,0.597,0.1101,0.2609,0.2493,,,,0.2652,0.3003,0.5121,,,,,,,0.0173,0.4748,0.0209,,,,1.172,1.2365,0.5642,,,,,,,1.0075,1.6373,0.3453,6.161,3.5841,0.9973,,,,,,,0.0356,0.0581,0.3481,,,,,,,,,,,,,,,,0.7494,1.1634,0.3585,,,,,,,,,,,,,,,,0.2669,0.3343,0.4508,5.32,13.91,4.31,,,,23.7977,10.6113,1.3119,1.7047,7.742,0.1272,0.0281,0.1502,0.1086,0.0145,0.0961,0.0887,,,,,,
11,沖縄県,浦添市,114232,115690,19722,71286,23180,1.28,-5.67,-1.84,19.02,1247,796,5636,5806,0.8702023726448012,1.1586608442503639,1.0408125577100646,0.9361496291518865,1.3478,1.6985,0.6907,2.2403,1.233,1.6059,17.1278,3.8665,3.8881,0.0577,0.0918,0.5539,0.5707,0.8389,0.6215,0.9755,1.4207,0.6193,1.2062,1.1852,0.8901,,,,,,,4.1708,2.9562,1.2255,4043,5206,55345,264659,4971,2.22,8.42,7.26,86.6,13.4,7,374,28534939618,2,1.8,2.1,7.2,8.5,1.3,1.4,0.2,1.2,0.6,0.3,0.1,0.1,353.03,1.0,155700,190180,222201,18913,15.6,64.5,7,80,55,1351,318,98,223,16085,28.29,41.1,4.35,0.46,1.13,8.03,1.82,8.43,4.93,0.06,1.4,145,10,64,0.7846,0.9573,0.7843,0.8805,0.8078,1.008,0.9391,1.4893,0.5509,0.1052,0.2594,0.3505,1.1526,1.0698,0.9693,4.567,3.5816,1.1975,2.096,1.3343,1.406,0.9147,0.9913,0.8349,1.7069,0.8434,1.8256,1.2167,1.2573,0.8881,2.3948,4.2479,0.5475,1.7411,1.4884,1.0887,0.4925,1.1913,0.4976,1.051,1.3819,0.7032,1.7897,1.9224,0.828,0.1603,0.2036,0.6593,1.8037,2.3086,0.6796,0.3203,0.3359,0.8517,1.486,0.9222,1.6318,0.8875,1.7556,0.4514,0.9024,1.3969,0.5634,3.6792,0.5704,5.7725,,,,1.9573,2.1801,0.8014,0.246,1.0153,0.2644,0.1843,0.3862,0.5248,0.7016,0.5828,1.1032,0.1764,0.236,0.6501,,,,0.4273,0.3956,0.9381,,,,,,,0.096,0.1195,0.7647,,,,0.0083,0.0111,0.6651,0.1427,0.1711,0.7827,,,,,,,0.6225,0.9668,0.5866,0.1186,0.452,0.2606,0.3069,0.5019,0.5349,0.7048,0.9337,0.6564,,,,,,,,,,0.5093,0.8447,0.5277,,,,,,,,,,0.1597,0.2044,0.7602,0.4912,0.7071,0.6472,,,,0.1015,0.3441,0.2838,0.0526,0.0818,0.8512,,,,0.5076,0.5765,0.8037,0.8235,1.0083,0.6953,6.28,9.04,3.94,,,,,,,,,,,,,,,,0.0538,0.1054,0.4491,,,
12,沖縄県,名護市,61674,63554,10536,37252,13901,3.05,0.33,-2.35,16.7,677,545,3435,3241,0.9535211267605633,1.1122448979591837,1.1020211742059673,1.0006174745291756,1.6288,1.3703,0.6298,0.7212,0.954,0.4036,2.5718,2.9682,0.4666,0.0887,0.0583,0.8001,2.7859,1.7395,0.9328,,,,2.6611,1.5993,0.8996,10.2068,2.5685,2.276,,,,3.5551,2.7309,0.6955,2167,2874,24455,48414,3099,2.44,8.86,6.29,87.0,13.0,7,374,28534939618,2,1.8,2.1,7.2,8.5,1.3,1.4,0.2,1.2,0.6,0.3,0.1,0.1,353.03,1.0,155700,190180,222201,18913,15.6,64.5,6,45,25,1455,168,31,99,16085,33.8,32.92,3.79,3.31,2.63,7.27,1.43,9.14,4.95,0.01,0.75,110,7,58,2.0694,1.9148,0.5781,0.5216,0.4907,0.5709,0.1549,0.1668,0.4977,0.1244,0.3242,0.2102,2.1148,1.2885,0.9876,0.8333,0.7769,0.6253,1.6735,1.085,0.9087,1.1314,1.0902,0.5483,3.1881,2.9075,0.6853,0.5275,0.3836,0.7637,1.1378,0.6641,0.988,0.0308,0.0431,0.3816,0.1233,0.1872,0.6341,0.6179,0.9811,0.4379,1.7052,1.3508,0.6833,11.1183,4.9689,1.3267,0.212,0.3951,0.2839,0.7654,0.8532,0.5055,0.3741,0.9345,0.2269,0.657,0.6747,0.519,0.1517,0.4914,0.1628,1.6591,0.19,4.7936,,,,2.0325,0.892,1.2155,0.215,0.5001,0.2451,0.9383,0.7984,0.648,0.7208,0.8914,0.4461,0.164,0.2996,0.2922,,,,0.3372,0.4249,0.4201,,,,,,,0.4039,0.3652,0.5886,,,,,,,0.0396,0.2245,0.139,,,,,,,,,,,,,,,,2.9359,2.6654,0.5937,,,,,,,,,,,,,,,,,,,,,,0.7244,0.4502,0.8746,0.7526,0.9891,0.3972,,,,,,,,,,,,,,,,0.4543,0.7886,0.5032,5.15,6.33,4.24,,,,,,,,,,,,,,,,,,,,,
13,沖縄県,糸満市,58547,61007,10960,36069,13522,4.2,0.83,-1.12,21.59,688,539,3402,3381,0.9197860962566845,1.0933062880324544,1.106701366297983,1.0448084054388134,0.4589,0.546,0.4967,3.8179,3.1133,0.7361,2.1003,1.2405,0.987,0.1619,1.1786,0.0782,2.8978,1.7767,0.9303,1.4283,1.5833,0.5072,1.9239,1.4407,0.9255,10.0066,2.0661,2.8514,,,,5.7282,4.0519,0.8513,1927,2398,20501,52178,3293,3.27,7.08,8.62,86.9,13.1,7,374,28534939618,2,1.8,2.1,7.2,8.5,1.3,1.4,0.2,1.2,0.6,0.3,0.1,0.1,353.03,1.0,155700,190180,222201,18913,15.6,64.5,5,28,19,1172,83,23,66,16085,27.66,40.01,4.25,3.11,1.05,6.32,2.35,9.34,5.18,0.04,0.69,97,5,50,1.151,1.259,0.5401,3.0524,1.6609,1.0782,,,,0.1132,0.3528,0.1808,0.6711,0.6841,0.6028,0.8004,0.5816,0.7978,0.6511,0.6563,0.6202,1.2429,1.3315,0.6625,1.7736,2.6158,0.3949,5.0346,2.7768,1.0577,4.0789,2.2806,1.0225,0.11,0.1165,0.5454,0.228,0.3761,0.3447,0.6599,0.7786,0.4879,0.3127,0.4103,0.4614,0.8171,1.0787,0.4234,0.323,0.4029,0.5509,0.6132,1.1065,0.3239,1.7147,1.1753,0.808,0.6848,1.0473,0.3773,0.1079,0.0825,0.7468,-1.6956,0.2163,-4.6586,0.5823,1.3052,0.2803,1.3473,1.2411,0.6339,0.0943,0.2631,0.2039,1.4062,0.9979,0.8036,0.4361,0.6688,0.3767,1.848,2.0201,0.5399,3.0212,3.9624,0.4403,0.9686,1.2456,0.6309,0.4347,0.9407,0.2712,,,,1.1823,1.1362,0.5995,,,,0.1856,0.1956,0.5572,3.7572,1.5284,1.4107,,,,,,,,,,,,,,,,2.8051,2.8485,0.5688,,,,,,,1.1443,0.9122,0.7088,0.3065,0.2371,0.7408,,,,,,,,,,0.0336,0.0565,0.3497,0.9139,0.8211,0.6173,,,,,,,0.1766,0.1838,0.5637,,,,,,,,,,5.94,9.11,5.17,0.6461,1.3019,0.5254,,,,1.0907,4.9256,0.127,,,,,,,,,,,,
14,沖縄県,沖縄市,139279,142752,23829,85673,28854,2.49,-6.42,-2.73,15.73,1500,1153,6443,6452,0.8645533141210374,1.176530612244898,0.9353948896631823,1.014146494812952,1.0355,1.398,0.4125,0.3481,0.3866,0.4881,0.7808,1.2679,0.3312,0.1671,0.1407,0.767,1.9753,1.4871,0.8397,2.4237,2.0873,0.6329,4.2494,2.3692,0.9596,,,,,,,2.7324,2.8162,0.5707,4230,5275,44432,94963,3087,2.28,6.1,6.17,86.6,13.4,7,374,28534939618,2,1.8,2.1,7.2,8.5,1.3,1.4,0.2,1.2,0.6,0.3,0.1,0.1,353.03,1.0,155700,190180,222201,18913,15.6,64.5,9,77,58,1666,377,79,244,16085,20.8,41.59,3.85,0.39,13.93,4.27,1.23,9.5,3.6,0.46,0.38,112,5,59,1.2937,0.9089,0.7773,2.0236,1.0745,1.1101,,,,0.7828,1.0775,0.3997,1.2917,0.7618,1.031,1.9499,1.5113,0.746,3.5343,1.7577,1.1077,1.6326,1.2343,0.7522,1.4775,0.9043,0.92,0.2174,0.1321,0.8651,0.9329,0.9193,0.5674,0.5312,0.5176,0.5724,0.4018,0.292,0.7154,1.1553,1.3371,0.51,2.0063,1.7589,0.6091,0.8142,1.2911,0.6148,1.0193,0.7465,0.8095,0.652,1.3757,0.2657,0.3547,0.7382,0.257,0.3284,1.5494,0.1111,2.0498,1.8231,0.5826,-0.8799,0.4473,-1.0535,0.4647,0.8496,0.6017,0.376,0.6052,0.336,,,,0.7757,1.2351,0.3298,0.1989,0.4379,0.3077,1.4552,0.8937,0.8475,,,,0.3161,0.4485,0.4452,,,,,,,1.1676,0.5249,1.1549,0.28,0.35,0.4171,,,,0.3653,0.3908,0.5394,,,,,,,0.0387,0.0375,0.6157,,,,1.4843,1.1978,0.6331,3.3769,3.2024,0.5492,,,,,,,,,,,,,,,,,,,,,,,,,1.9026,1.897,0.5392,,,,,,,0.2914,0.262,0.6138,,,,,,,0.6439,0.6248,0.5441,6.77,9.01,3.61,0.0343,0.1371,0.1306,,,,,,,0.1443,0.1648,0.4552,,,,,,,,,
15,沖縄県,豊見城市,61119,64612,12526,38759,12729,5.72,2.62,1.38,24.93,767,402,3831,3385,0.8503325942350333,1.0281329923273657,0.9611138986452584,0.9426343636869953,0.8067,0.6892,0.8266,1.3583,0.9764,0.9384,2.3149,2.3281,0.6748,0.11,0.3728,0.4283,0.4623,0.4906,0.6761,,,,5.8462,3.6085,1.0945,,,,,,,2.9027,2.8711,0.8207,1400,2043,21729,62647,3849,6.19,6.65,6.83,86.7,13.3,7,374,28534939618,2,1.8,2.1,7.2,8.5,1.3,1.4,0.2,1.2,0.6,0.3,0.1,0.1,353.03,1.0,155700,190180,222201,18913,15.6,64.5,4,38,21,828,250,24,123,16085,29.1,38.92,4.37,0.63,1.48,5.2,1.52,12.14,5.92,0.05,0.67,104,6,47,1.3384,1.3226,0.7042,1.8827,1.4257,0.8992,,,,0.1058,0.2526,0.2748,0.9276,0.4798,1.4693,0.4018,0.6375,0.4369,0.6979,0.619,0.7784,1.0664,1.1734,0.6173,0.338,0.3389,0.6763,1.151,0.8404,0.9566,0.4747,0.5375,0.5854,0.6247,0.7522,0.5584,0.2603,0.4766,0.3648,0.4575,0.5426,0.5797,,,,1.6445,1.2288,0.8667,1.6656,0.8109,1.3897,0.1572,0.3549,0.7506,0.1489,0.4269,0.2979,1.4866,1.577,0.6479,1.0329,1.3769,0.7606,3.14,0.1604,13.5453,,,,0.9665,1.0949,0.6008,0.2593,0.6911,0.2559,0.1132,0.2937,0.2718,3.0144,2.1442,0.9632,1.836,1.3753,0.9406,,,,0.6814,0.7348,0.6187,0.2232,0.4004,0.3807,,,,1.6402,1.1277,0.9908,,,,,,,0.2975,0.413,0.4773,,,,,,,,,,,,,0.3,0.3332,0.5841,14.6861,9.1428,1.0845,,,,,,,0.3481,0.7154,0.3201,0.2237,0.2427,0.6873,,,,,,,,,,,,,0.5483,0.9534,0.5155,,,,,,,,,,,,,0.03,0.0429,0.4627,1.7173,1.3148,0.853,6.94,15.2,7.12,,,,,,,,,,,,,,,,,,,,,
16,沖縄県,うるま市,118898,125303,21184,75679,28050,5.39,2.68,2.45,18.74,1354,1158,5537,4903,0.942240779401531,1.128654970760234,1.1265513733468973,1.0250888563662972,1.4913,1.1295,0.5753,1.3327,2.1882,0.2708,1.6538,3.1526,0.2246,0.7002,0.6637,0.4444,1.5814,1.0035,0.7071,2.4713,1.3365,0.8421,,,,12.5718,2.3262,2.392,,,,4.3927,3.3285,0.5812,3474,4368,37062,62254,2421,2.83,5.66,6.27,88.0,12.0,7,374,28534939618,2,1.8,2.1,7.2,8.5,1.3,1.4,0.2,1.2,0.6,0.3,0.1,0.1,353.03,1.0,155700,190180,222201,18913,15.6,64.5,6,48,38,1438,285,61,120,16085,25.02,40.74,4.32,1.55,2.04,8.0,1.81,9.26,6.6,0.21,0.45,101,4,55,2.0796,1.5465,0.5775,3.6214,2.172,0.7381,0.7846,0.3712,0.9007,0.3069,0.3808,0.3394,2.2902,0.8067,1.3034,1.2322,0.7626,0.7169,0.0787,1.1029,0.0311,1.2949,1.0118,0.5431,3.557,2.2346,0.6873,0.3833,0.2297,0.7097,0.4751,1.0653,0.2119,0.0229,0.1148,0.0892,0.3577,0.2315,0.6451,0.953,1.7022,0.256,2.865,2.0919,0.586,0.5525,0.4448,0.5225,0.9536,0.3832,1.1994,1.4594,1.5822,0.3938,1.3766,1.1631,0.4933,1.8,1.1451,0.7677,1.2284,2.377,0.2189,-1.7348,0.2976,-2.5441,,,,1.4934,1.097,0.5959,0.1021,0.3768,0.1368,1.5745,1.7001,0.4008,0.3951,0.3519,0.5777,1.0746,0.7143,0.6382,1.3676,0.9248,0.6271,0.3524,0.4611,0.3216,0.4629,0.4378,0.4594,1.4375,1.3188,0.4655,1.8995,0.9058,0.8872,0.0342,0.2943,0.0493,0.0988,0.0938,0.5234,1.1475,0.8945,0.5362,,,,,,,0.0725,0.4017,0.1142,,,,,,,1.9759,1.3433,0.6263,,,,,,,,,,1.1227,1.3866,0.4133,,,,,,,,,,,,,0.6563,0.6239,0.5355,,,,,,,0.2181,0.2622,0.3914,,,,,,,0.7818,0.4545,0.7086,6.05,9.72,3.05,0.3885,0.3836,0.5108,,,,,,,,,,,,,0.7167,0.2253,1.3649,-0.4882,0.4289,-0.5244
17,沖縄県,宮古島市,51186,52931,8402,29513,14079,3.41,-0.19,-0.65,11.38,520,696,3423,3095,0.858085808580858,1.1136,1.4954128440366972,1.2726151315789473,0.9753,0.9712,0.5217,1.4131,1.5201,0.5041,10.0546,4.9767,1.0125,0.129,0.335,0.2002,2.1532,1.7228,0.7114,,,,1.6753,1.048,0.8075,9.3805,2.1768,2.1702,0.0139,0.0651,0.1087,3.8173,2.8109,0.6642,2439,2918,18360,38053,2830,1.95,7.14,8.22,82.7,17.3,7,374,28534939618,2,1.8,2.1,7.2,8.5,1.3,1.4,0.2,1.2,0.6,0.3,0.1,0.1,353.03,1.0,155700,190180,222201,18913,15.6,64.5,4,37,24,758,93,33,44,16085,37.82,23.09,3.64,8.27,1.34,7.39,1.54,8.07,7.38,0.02,1.44,114,7,54,2.9492,2.7961,0.5327,0.9979,0.9521,0.5424,1.0062,1.1848,0.4984,0.4428,0.7486,0.2993,0.7942,0.9492,0.4582,1.4263,1.1541,0.6245,2.475,1.1133,1.1196,,,,2.5214,2.1798,0.5793,0.3862,0.343,0.5934,1.599,1.3336,0.6164,0.2344,0.2983,0.3902,0.0931,0.2066,0.2257,0.706,0.9561,0.3613,2.604,1.5059,0.8718,3.872,3.3089,0.5999,0.213,0.295,0.3643,,,,,,,,,,0.7063,0.8105,0.468,-4.0596,0.285,-7.2782,,,,0.8451,0.9076,0.5051,0.1843,0.5808,0.1523,7.4381,0.9243,4.692,1.5316,1.6913,0.4493,0.1737,0.304,0.2837,,,,0.1482,0.2875,0.2539,0.6165,1.2645,0.246,,,,0.3947,0.4377,0.5011,,,,,,,0.2657,0.4578,0.284,,,,,,,,,,0.2718,0.6435,0.1989,1.5176,1.3126,0.5753,3.2505,3.0548,0.5272,-271.2727,3.864,-34.8553,,,,,,,0.0288,0.1242,0.1144,,,,,,,,,,0.1083,0.0848,0.6462,0.8774,0.956,0.4322,,,,,,,,,,,,,,,,1.9069,1.2344,0.745,5.45,9.02,3.74,,,,,,,,,,,,,,,,,,,,,
18,沖縄県,南城市,42016,44043,7734,24757,11409,4.82,9.52,-1.63,17.14,443,443,2485,1828,0.9287211740041929,1.1215189873417721,1.0880035026269703,1.0746619635508525,1.365,1.2146,0.5128,5.3081,3.3449,0.7298,1.6604,4.7484,0.1622,,,,1.3535,0.8652,0.6805,0.8153,1.3016,0.2783,,,,16.2683,3.8506,2.0344,,,,4.425,4.8441,0.4108,1104,1366,9651,19768,2528,1.87,7.89,8.15,88.4,11.6,7,374,28534939618,2,1.8,2.1,7.2,8.5,1.3,1.4,0.2,1.2,0.6,0.3,0.1,0.1,353.03,1.0,155700,190180,222201,18913,15.6,64.5,1,17,12,209,21,14,25,16085,29.73,34.15,3.31,4.76,1.28,4.19,2.0,12.4,7.44,0.05,0.69,85,3,41,1.4905,1.5745,0.4362,2.5177,1.5136,0.7701,,,,,,,0.3418,0.79,0.2049,0.8316,0.6525,0.609,0.8702,0.887,0.4523,2.8052,1.5798,0.8015,9.2343,4.4281,0.9665,0.5285,0.5478,0.4446,1.0931,1.098,0.455,0.1252,0.1398,0.4112,0.1881,0.2424,0.3512,0.0803,0.1959,0.1828,0.5869,0.421,0.641,0.2027,0.4069,0.2205,1.5869,1.3077,0.564,1.2062,0.6814,0.7923,1.0711,1.6486,0.2863,4.8027,3.4675,0.6358,0.2507,0.2706,0.4208,-0.2757,0.1069,-1.2199,,,,0.7542,0.6566,0.5277,,,,0.2589,0.4865,0.2414,0.237,0.3172,0.3379,2.3722,1.6248,0.6711,,,,0.2472,0.2927,0.3851,,,,,,,2.7557,1.8508,0.6826,,,,,,,,,,,,,,,,,,,,,,,,,8.5789,6.1071,0.6456,,,,,,,,,,,,,,,,,,,,,,,,,0.1295,0.2342,0.2411,,,,,,,,,,,,,,,,,,,,,2.66,,,,,,,,,,,,,,,,,,,,,
19,沖縄県,国頭村,4908,4517,587,2380,1550,-7.96,-9.12,-14.13,4.03,29,75,213,218,0.725,0.9375,0.9383259911894273,0.9864253393665159,,,,0.5218,1.0801,0.2279,,,,,,,1.0284,1.2474,0.3648,1.8908,0.7728,1.1071,,,,,,,,,,4.4613,3.0718,0.67,210,247,1435,3241,2544,0.75,3.73,4.54,78.6,21.4,7,374,28534939618,2,1.8,2.1,7.2,8.5,1.3,1.4,0.2,1.2,0.6,0.3,0.1,0.1,353.03,1.0,155700,190180,222201,18913,15.6,64.5,0,3,2,0,2,2,3,16085,35.41,15.42,6.33,5.85,6.6,7.09,3.04,10.52,8.85,0.0,0.89,137,3,97,3.7802,4.3289,0.4128,,,,,,,,,,2.2955,1.3438,0.7936,,,,1.4352,1.4011,0.4798,0.0692,0.4384,0.0711,,,,,,,0.5165,0.7699,0.3118,,,,,,,0.3731,0.9058,0.1885,,,,44.4681,20.506,0.9847,,,,,,,,,,,,,,,,,,,23.6256,13.9753,0.795,,,,,,,,,,,,,,,,,,,,,,,,,,,,,,,,,,,,,,,,,,,,,,,,,,,,,,,,,,,,,,,,,,,,,,,,,,,,,,,,,,,,,,,,,,,,,,,,,,,,,,,,,,,,,,,,,,,,,,,,,,,,,,
20,沖縄県,大宜味村,3060,3092,351,1594,1146,1.05,-5.89,-5.73,15.06,16,50,179,138,0.8,0.8771929824561403,1.7722772277227723,0.7340425531914894,,,,,,,0.4439,20.6869,0.0091,,,,,,,,,,,,,,,,,,,,,,119,151,822,1721,2394,2.56,3.23,7.58,81.9,18.1,7,374,28534939618,2,1.8,2.1,7.2,8.5,1.3,1.4,0.2,1.2,0.6,0.3,0.1,0.1,353.03,1.0,155700,190180,222201,18913,15.6,64.5,0,3,1,0,1,2,1,16085,30.88,16.92,5.36,4.16,6.27,10.91,3.33,8.73,11.71,0.0,1.73,275,5,239,7.752,4.8967,0.6651,,,,,,,,,,5.7137,2.0945,1.6897,,,,0.7023,1.188,0.2461,0.3414,0.4671,0.2924,0.1903,1.9842,0.0405,,,,,,,,,,,,,,,,,,,,,,,,,,,,,,,,,,,,,,,,,,,,,,,,,,,,,,,,,,,,,,,,,,,,,,,,,,,,,,,,,,,,,,,,,,,,,,,,,,,,,,,,,,,,,,,,,,,,,,,,,,,,,,,,,,,,,,,,,,,,,,,,,,,,,,,,,,,,,,,,,,,,,,,,
21,沖縄県,東村,1720,1598,198,813,587,-7.08,-14.65,-16.0,12.88,11,25,102,121,0.8461538461538461,1.7857142857142858,0.9902912621359223,1.1203703703703705,,,,5.8609,3.8866,0.578,,,,,,,2.4569,2.0403,0.4421,,,,,,,,,,,,,,,,64,88,485,709,2162,3.12,9.2,3.89,81.0,19.0,7,374,28534939618,2,1.8,2.1,7.2,8.5,1.3,1.4,0.2,1.2,0.6,0.3,0.1,0.1,353.03,1.0,155700,190180,222201,18913,15.6,64.5,0,1,1,0,2,0,0,16085,30.9,15.68,6.82,8.41,5.28,11.66,2.33,8.91,8.59,0.0,1.42,128,3,87,,,,,,,,,,,,,-1.1854,0.9753,-0.4587,,,,,,,,,,,,,,,,,,,,,,,,,,,,,,,,,,,,,,,,,,,,,,,,,,,,45.9897,29.4933,0.6079,,,,,,,,,,,,,,,,,,,,,,,,,,,,,,,,,,,,,,,,,,,,,,,,,,,,,,,,,,,,,,,,,,,,,,,,,,,,,,,,,,,,,,,,,,,,,,,,,,,,,,,,,,,,,,,,,,,,,,,,,,,,,,
22,沖縄県,今帰仁村,9531,8894,1335,4538,3019,-6.67,-7.47,-16.09,12.78,69,129,442,430,0.8625,1.2772277227722773,1.0574162679425838,1.0436893203883495,2.4778,1.0057,0.866,3.103,2.199,0.5822,,,,,,,2.8824,1.5363,0.6455,,,,4.5879,1.6472,1.0013,15.0445,2.4754,2.1548,,,,6.6803,4.3123,0.5724,352,408,2292,3698,2022,2.25,6.49,8.77,85.9,14.1,7,374,28534939618,2,1.8,2.1,7.2,8.5,1.3,1.4,0.2,1.2,0.6,0.3,0.1,0.1,353.03,1.0,155700,190180,222201,18913,15.6,64.5,1,2,3,60,5,3,5,16085,20.0,39.13,5.97,7.42,7.04,4.19,2.47,8.27,4.64,0.0,0.87,80,3,42,4.2502,2.2019,0.685,1.6634,1.7908,0.3198,,,,,,,1.0903,0.742,0.5125,0.504,0.6247,0.2831,0.5652,1.1136,0.1804,0.5585,0.7081,0.2878,,,,0.3898,0.2255,0.6135,-10.7195,1.5589,-2.3997,,,,,,,,,,-0.0999,0.2822,-0.1253,3.7242,4.0754,0.4064,0.2538,0.5279,0.1688,,,,,,,,,,,,,,,,19.3642,13.7948,0.4956,,,,0.1517,0.455,0.1141,,,,,,,,,,,,,,,,,,,,,,,,,,,,,,,,,,,,,,,,,,,,,,,,,,,,,,,,,,,,,,,,,,,,,,,,,,,,,,,,,,,,,,,,,,,,,,,,,,,,,,,,,,,,,,,,,,,,,,,,
23,沖縄県,本部町,13536,12530,1796,6547,4107,-7.42,-7.79,-17.32,12.43,84,179,734,683,0.7058823529411765,1.0783132530120483,1.1915584415584415,1.0755905511811024,0.8088,0.7568,0.7017,0.411,1.0116,0.2735,2.9852,6.9286,0.2875,,,,1.8044,1.5168,0.7858,0.1794,0.5682,0.2003,1.8777,1.3838,0.8907,5.1199,1.4727,2.362,,,,3.3783,2.6984,0.81,638,750,5575,17595,3655,2.54,7.05,5.52,87.0,13.0,7,374,28534939618,2,1.8,2.1,7.2,8.5,1.3,1.4,0.2,1.2,0.6,0.3,0.1,0.1,353.03,1.0,155700,190180,222201,18913,15.6,64.5,2,3,4,320,17,4,9,16085,20.75,24.43,4.53,4.38,6.73,18.21,2.81,11.35,5.99,0.0,0.82,101,6,58,1.3791,2.3215,0.398,0.7749,1.1109,0.4487,,,,0.0502,0.2396,0.1352,1.1108,1.2091,0.6148,0.6624,0.466,0.9317,0.8125,0.8462,0.6562,0.9542,0.9782,0.6156,33.1086,2.9857,7.3948,,,,0.4335,0.658,0.4295,,,,,,,0.2413,0.3855,0.4017,0.2047,0.3482,0.389,3.6583,4.818,0.5159,0.4922,0.4974,0.6488,,,,,,,,,,1.9881,1.0123,1.2834,,,,4.7744,3.98,0.7911,,,,0.0748,0.2598,0.184,,,,,,,,,,,,,,,,,,,,,,0.2013,0.3189,0.4164,,,,,,,,,,,,,,,,,,,,,,,,,,,,,,,,,,,,,,,,,,,,,,,,,,,,,,,,,,,,,,,,,,,,,,,,,,,,,,,,,,,,,,,,,,,,,,,,
24,沖縄県,恩納村,10652,10869,1585,6663,2621,2.04,0.7,-2.42,16.54,64,97,1063,1036,0.6736842105263158,0.7637795275590551,0.9491071428571428,1.118790496760259,,,,1.0035,1.0522,0.7137,,,,,,,3.1449,2.3954,1.1856,,,,0.1601,0.2047,0.5918,0.6152,0.241,1.9123,,,,0.4522,1.0523,0.3629,344,480,6160,15010,4392,2.72,5.96,3.21,92.7,7.3,7,374,28534939618,2,1.8,2.1,7.2,8.5,1.3,1.4,0.2,1.2,0.6,0.3,0.1,0.1,353.03,1.0,155700,190180,222201,18913,15.6,64.5,0,4,1,0,1,1,3,16085,30.54,14.68,10.28,6.25,8.14,16.36,1.97,7.81,3.04,0.0,0.93,159,6,105,1.9774,1.7314,0.8564,,,,,,,0.0928,0.4886,0.1385,1.2977,0.709,1.359,,,,2.0779,2.1754,0.7097,1.9605,1.2561,1.1143,3.1788,4.5678,0.7051,0.7244,0.5329,1.0195,,,,,,,,,,1.1744,1.0404,0.8649,,,,,,,,,,0.9913,0.8613,0.8384,3.1168,3.4773,0.6606,,,,,,,,,,,,,0.1676,0.3571,0.3509,,,,,,,,,,,,,,,,,,,,,,,,,0.4462,0.2819,1.1808,,,,,,,,,,,,,,,,,,,,,,,,,,,,,,,,,,,,,,,,,,,,,,,,,,,,,,,,,,,,,,,,,,,,,,,,,,,,,,,,,,,,,,,,,,,,,,,,
25,沖縄県,宜野座村,5597,5833,1157,3179,1491,4.22,1.49,0.63,15.14,79,76,317,242,1.144927536231884,1.2063492063492063,1.2431372549019608,1.03862660944206,2.974,2.1868,0.6924,,,,,,,,,,0.8154,0.6419,0.6808,0.3388,1.0206,0.1633,2.6708,2.1037,0.6461,13.0047,3.1554,2.173,,,,,,,190,233,1550,3080,2815,4.34,6.57,10.7,83.5,16.5,7,374,28534939618,2,1.8,2.1,7.2,8.5,1.3,1.4,0.2,1.2,0.6,0.3,0.1,0.1,353.03,1.0,155700,190180,222201,18913,15.6,64.5,1,1,2,104,8,1,2,16085,44.33,15.06,4.57,9.77,2.47,7.0,1.85,10.57,3.39,0.09,0.9,106,3,64,8.1618,4.9551,0.8467,1.4059,0.7476,0.9379,0.8523,1.8897,0.2323,,,,,,,,,,,,,5.8452,2.2354,1.3063,,,,,,,,,,,,,,,,0.2498,0.7929,0.1568,,,,,,,,,,,,,,,,,,,,,,,,,,,,,,,,,,,,,,,,,,,,,,,,,,,,,,,,,,,,,,,,,,,,,,,,,,,,,,,,,,,,,,,,,,,,,,,,,,,,,,,,,,,,,,,,,,,,,,,,,,,,,,,,,,,,,,,,,,,,,,,,,,,,,,,,,
26,沖縄県,金武町,11232,10806,1874,5920,3006,-3.78,-4.62,-8.04,6.29,117,136,494,481,0.7905405405405406,1.182608695652174,1.1382488479262673,1.0981735159817352,3.2844,1.6629,0.912,0.9565,0.9916,0.388,5.4217,3.2182,0.8002,,,,3.6892,2.006,0.7516,,,,1.0487,0.6349,0.6481,24.6634,5.3848,1.8133,,,,,,,403,486,3414,5550,2254,4.69,4.49,2.67,86.0,14.0,7,374,28534939618,2,1.8,2.1,7.2,8.5,1.3,1.4,0.2,1.2,0.6,0.3,0.1,0.1,353.03,1.0,155700,190180,222201,18913,15.6,64.5,1,7,3,416,25,2,12,16085,31.14,27.3,4.77,5.51,3.57,9.09,2.26,11.77,3.36,0.2,1.03,118,4,72,2.1711,4.5713,0.1997,0.4927,0.5063,0.3742,,,,0.0973,0.2794,0.1343,0.4616,0.4084,0.5058,0.1631,0.2557,0.275,2.765,0.8553,1.3104,0.3052,0.644,0.1844,2.8756,3.1193,0.4052,0.1687,0.2195,0.3048,,,,,,,,,,,,,0.72,0.3899,0.7912,,,,,,,,,,,,,,,,,,,,,,3.6367,3.4991,0.4098,,,,0.2128,0.4616,0.1761,,,,,,,,,,,,,,,,,,,,,,,,,,,,,,,,,,,,,,,,,,,,,,,,,2.1666,1.4848,0.5924,,,,,,,,,,,,,,,,,,,,,,,,,,,,,,,,,,,,,,,,,,,,,,,,,,,,,,,,,,,,,,,,,,,,,
27,沖縄県,伊江村,4260,4118,623,2071,1424,-3.32,2.3,-12.86,11.77,33,44,131,170,0.9705882352941176,0.7213114754098361,0.6683673469387755,0.8673469387755102,1.3524,1.6667,0.4439,,,,,,,,,,1.6882,1.4203,0.6146,0.7252,0.9786,0.3918,,,,,,,,,,8.0337,4.4088,0.9823,252,280,1205,2991,3033,2.82,1.62,2.51,88.8,11.2,7,374,28534939618,2,1.8,2.1,7.2,8.5,1.3,1.4,0.2,1.2,0.6,0.3,0.1,0.1,353.03,1.0,155700,190180,222201,18913,15.6,64.5,0,2,1,0,2,1,4,16085,26.15,17.62,7.49,22.05,4.65,2.39,0.35,12.48,5.41,0.0,1.41,82,2,42,4.6805,4.8598,0.5319,0.3306,0.5514,0.3213,,,,,,,8.4107,1.8191,2.5098,0.5562,0.8416,0.3609,1.7477,1.5669,0.6104,1.052,1.0599,0.5219,,,,1.463,0.8681,1.2103,,,,,,,,,,,,,,,,9.774,4.4443,1.2937,,,,,,,,,,,,,,,,,,,0.3433,1.6089,0.1172,,,,,,,,,,,,,,,,,,,,,,,,,,,,,,,,,,,,,,,,,,,,,,,,,,,,,,,,,,,,,,,,,,,,,,,,,,,,,,,,,,,,,,,,,,,,,,,,,,,,,,,,,,,,,,,,,,,,,,,,,,,,,,
28,沖縄県,読谷村,39504,41206,7073,24950,9050,4.31,-2.15,0.48,24.3,382,324,1909,1816,0.8681818181818182,1.1134020618556701,1.1002881844380403,1.0312322544009085,0.9482,0.9448,0.5518,8.8208,6.7159,0.6791,,,,0.2277,1.4411,0.0808,1.1077,1.1841,0.5162,1.7852,1.7474,0.5389,,,,9.6259,2.0841,2.3787,,,,3.0361,3.5371,0.5029,970,1181,9240,21212,2854,1.73,6.0,7.62,87.2,12.8,7,374,28534939618,2,1.8,2.1,7.2,8.5,1.3,1.4,0.2,1.2,0.6,0.3,0.1,0.1,353.03,1.0,155700,190180,222201,18913,15.6,64.5,0,17,11,0,13,16,19,16085,35.16,29.38,7.2,1.95,1.49,5.92,2.87,11.32,3.86,0.11,0.74,108,3,59,0.7334,0.886,0.4328,0.9728,0.8678,0.6096,,,,1.1244,1.2911,0.4393,4.83,2.183,1.144,0.6505,0.9854,0.3408,4.3208,0.9761,2.2888,7.9726,4.0575,0.9786,4.0454,7.0619,0.296,,,,0.1476,0.2459,0.3033,,,,0.021,0.2612,0.0406,,,,0.7038,0.5901,0.6691,0.4754,0.4228,0.5548,0.4324,0.4263,0.5153,2.283,0.7081,1.6516,1.2044,1.7946,0.3568,3.2607,2.0436,0.8167,0.5741,0.6034,0.4819,0.0,0.5276,0.0,0.8058,0.5803,0.7097,0.339,0.336,0.5167,0.1153,0.3654,0.1765,0.6912,0.6611,0.529,,,,1.0638,1.1256,0.4844,,,,0.0732,0.1141,0.3262,,,,,,,0.9229,1.025,0.4602,,,,,,,0.4981,0.7109,0.3999,,,,,,,,,,,,,,,,0.9042,0.9066,0.5099,,,,,,,4.3183,3.2204,0.6722,,,,,,,,,,,,,0.0426,0.0673,0.3302,,,,,,,,,,0.5302,0.4254,0.6486,,,,,,,0.9056,0.7325,0.9049,,,,,,,,,,,,,,,,,,,,,,,,
29,沖縄県,嘉手納町,13685,13521,2307,7862,3273,-1.19,-1.65,-4.7,7.14,131,149,506,593,0.8506493506493507,1.128787878787879,0.8044515103338633,0.9222395023328149,3.8423,3.4882,0.7049,0.4027,0.4823,0.4594,,,,,,,1.3414,1.2776,0.5621,,,,2.2411,1.4904,0.8378,7.1637,1.9234,2.0513,,,,5.6207,4.7552,0.636,464,579,3949,8466,3084,2.22,6.65,4.24,84.6,15.4,7,374,28534939618,2,1.8,2.1,7.2,8.5,1.3,1.4,0.2,1.2,0.6,0.3,0.1,0.1,353.03,1.0,155700,190180,222201,18913,15.6,64.5,1,5,5,220,9,8,12,16085,31.25,25.56,4.61,0.29,8.8,8.8,2.49,14.32,2.79,0.04,1.05,193,7,124,5.0104,3.3228,0.8473,2.073,1.3853,0.8004,,,,0.164,0.7325,0.1201,1.5164,1.0277,0.9607,1.2337,1.3354,0.5036,0.8065,0.8613,0.5707,3.6356,2.0467,0.9488,,,,,,,0.2236,0.4231,0.2864,,,,,,,1.658,1.2135,0.7292,,,,,,,,,,0.1967,0.537,0.1962,0.1679,0.4143,0.3027,,,,1.7207,1.7582,0.5424,,,,,,,,,,1.0736,1.263,0.4519,,,,1.701,1.8989,0.4848,,,,,,,0.7188,0.8178,0.4795,,,,,,,,,,,,,,,,,,,,,,,,,0.5797,0.814,0.3924,,,,,,,,,,,,,,,,,,,,,,,,,,,,,,,1.5157,2.4721,0.3434,0.8731,1.1301,0.4502,,,,,,,,,,,,,,,,3.0954,2.2057,0.7495,,,,,,,,,,,,,,,,,,,,,,,,
30,沖縄県,北谷町,28308,28201,4780,16975,5765,-0.37,-4.92,-5.29,10.87,293,217,1843,1943,0.8798798798798799,1.1302083333333333,0.9422290388548057,1.0485698866702644,1.1,0.6743,0.7557,0.3059,0.2248,0.6624,,,,,,,7.3221,3.3992,1.0755,,,,1.5523,0.936,0.8299,10.5133,2.4032,2.3073,,,,2.6499,2.0637,0.59,919,1404,12468,18580,2790,3.98,8.9,10.79,83.5,16.5,7,374,28534939618,2,1.8,2.1,7.2,8.5,1.3,1.4,0.2,1.2,0.6,0.3,0.1,0.1,353.03,1.0,155700,190180,222201,18913,15.6,64.5,2,12,17,174,28,25,18,16085,32.86,27.58,5.51,1.85,1.9,10.04,2.7,11.7,4.71,0.12,1.03,192,9,123,1.2365,1.4268,0.4249,1.5364,1.0319,0.765,,,,2.6768,2.6434,0.5126,1.345,0.6965,1.054,0.0216,0.7783,0.0145,4.607,1.47,1.4972,2.3394,1.5452,0.7725,,,,,,,0.1455,0.2023,0.3273,0.394,0.3587,0.507,0.4114,0.4125,0.4998,3.2685,1.6928,0.9752,2.0138,1.1929,0.8007,3.5186,1.2693,1.6035,0.9883,0.3425,1.3207,0.0432,0.9523,0.0231,1.4138,2.0507,0.3167,0.514,0.4425,0.5356,-0.2238,0.2826,-1.0137,-4.0331,0.5712,-3.3539,,,,,,,0.2749,0.7515,0.2078,,,,,,,,,,,,,,,,,,,,,,,,,,,,,,,,,,,,,,,,,,,,,,,,,,,,,,,,,,0.4987,0.8732,0.2672,,,,,,,,,,,,,0.2991,0.2537,0.5544,,,,,,,,,,,,,,,,1.1031,0.717,0.7005,,,,,,,,,,,,,,,,,,,,,,,,,,,
31,沖縄県,北中城村,16148,17969,2973,10528,4294,11.28,10.15,7.13,20.89,158,125,1234,957,0.8186528497409327,1.016260162601626,1.3169690501600855,1.0020942408376963,3.2325,2.3426,0.7608,0.5043,0.4793,0.6274,,,,,,,1.3635,1.2925,0.9621,,,,4.2881,3.1691,0.7527,,,,,,,5.1743,4.6258,0.6077,475,771,6974,11830,3195,3.36,7.59,27.05,85.7,14.3,7,374,28534939618,2,1.8,2.1,7.2,8.5,1.3,1.4,0.2,1.2,0.6,0.3,0.1,0.1,353.03,1.0,155700,190180,222201,18913,15.6,64.5,3,6,5,811,122,7,63,16085,35.32,28.69,8.1,2.69,2.28,3.73,2.21,12.39,3.79,0.0,0.8,153,13,83,3.5148,1.5404,1.3021,0.9626,2.3886,0.2177,,,,0.2025,1.0127,0.1222,2.0546,0.8423,1.3424,0.6242,1.1335,0.3504,1.4667,1.0569,0.7654,0.9943,1.2475,0.4997,0.9315,1.6733,0.3209,,,,,,,,,,0.4972,0.3987,0.7141,0.6872,1.0317,0.3989,2.5228,1.9967,0.7019,8.5229,6.6172,0.6888,,,,0.225,0.5644,0.2156,1.1797,1.1095,0.5661,,,,0.3266,0.221,0.811,0.0,0.4856,0.0,,,,,,,0.1535,0.4462,0.1846,,,,,,,,,,,,,,,,,,,,,,,,,,,,,,,,,,,,,,,,,,,,,,,,,1.8192,1.8174,0.5633,,,,,,,,,,,,,,,,,,,,,,,,,1.8904,2.1491,0.4631,,,,,,,,,,,,,,,,,,,,,,,,,,,,,,,,,,,,,,,,,,
32,沖縄県,中城村,19454,22157,3865,13021,4113,13.89,14.72,3.89,19.11,249,154,1417,1220,1.046218487394958,1.0620689655172413,0.9574324324324325,1.0863757791629565,1.4123,1.9571,0.4645,2.1145,1.593,0.8609,,,,0.458,0.264,1.1081,2.7374,1.1177,1.6088,0.6309,1.4027,0.3022,5.1064,2.806,1.172,4.4412,2.2994,1.2539,,,,4.1744,4.5638,0.5859,551,683,7009,20396,3565,2.1,8.92,6.0,85.9,14.1,7,374,28534939618,2,1.8,2.1,7.2,8.5,1.3,1.4,0.2,1.2,0.6,0.3,0.1,0.1,353.03,1.0,155700,190180,222201,18913,15.6,64.5,2,9,7,370,105,8,32,16085,36.39,30.04,7.11,1.88,0.96,4.24,2.34,12.01,4.16,0.03,0.84,123,4,68,1.7784,1.6513,0.6999,5.1873,3.1988,1.034,,,,,,,0.7525,0.8639,0.6274,0.6318,0.8401,0.5084,0.9877,0.7474,0.8742,0.7472,0.5573,0.8848,0.5113,0.8416,0.3971,,,,0.2337,0.4788,0.3119,-0.0094,0.2485,-0.0244,,,,0.2935,0.6054,0.305,,,,,,,,,,1.5952,0.8121,1.2402,0.1465,0.3458,0.3321,1.9559,3.4313,0.385,,,,,,,2.087,3.4004,0.3968,0.8008,0.9377,0.5533,,,,0.4743,0.4093,0.7417,6.5497,6.9372,0.6023,0.1414,0.3085,0.2971,,,,0.8434,0.7002,0.7746,,,,,,,4.7247,3.3648,0.9079,,,,,,,0.3247,1.0071,0.3035,,,,,,,0.9588,1.6926,0.3679,,,,,,,0.7026,0.833,0.5582,,,,,,,,,,2.163,1.0212,1.3624,,,,,,,,,,,,,,,,,,,,,,0.3101,0.6236,0.3273,,,,,,,,,,,,,,,,,,,,,,,,,,,,,,,,,
33,沖縄県,西原町,34508,34984,5637,21351,7514,1.38,1.97,0.05,26.37,281,225,2023,2059,0.7493333333333333,1.2228260869565217,0.9868292682926829,0.9726027397260274,2.4283,1.7543,0.9101,0.9412,1.6214,0.3795,0.4031,0.9463,0.2809,,,,0.6866,0.3652,1.2477,0.3661,0.7077,0.4013,0.2349,0.2295,0.6995,3.9636,0.9828,2.7043,,,,2.5075,2.4522,0.6691,982,1312,17470,64889,3703,2.63,6.93,7.04,84.1,15.9,7,374,28534939618,2,1.8,2.1,7.2,8.5,1.3,1.4,0.2,1.2,0.6,0.3,0.1,0.1,353.03,1.0,155700,190180,222201,18913,15.6,64.5,2,19,10,648,435,41,115,16085,31.45,32.41,4.58,4.26,1.18,6.8,3.16,9.51,5.79,0.12,0.74,111,7,56,0.381,0.6511,0.392,1.6999,1.0812,1.039,,,,0.0244,0.0839,0.1856,13.2932,5.0322,1.7048,1.0101,1.0383,0.7162,0.581,0.4773,0.8603,0.5218,0.4497,0.7236,2.6027,2.0407,0.9722,0.8761,0.7573,0.7578,2.6016,3.3779,0.4961,0.2247,0.2301,0.6376,1.5034,1.2401,0.8607,0.4819,0.2619,1.167,,,,0.107,0.1,0.6732,0.2314,0.3165,0.5399,0.1968,0.2043,0.6131,0.0093,0.1284,0.0451,1.1237,1.031,0.7113,0.153,0.1712,0.5772,0.8825,0.1967,3.0153,,,,1.9309,1.8333,0.6878,0.063,0.174,0.2405,0.6625,0.778,0.5493,0.3992,0.5789,0.4937,1.5121,1.5442,0.6398,,,,2.2298,1.8776,0.7698,,,,,,,2.9792,2.49,0.781,,,,,,,0.2003,0.2393,0.539,,,,,,,0.1092,0.1491,0.4795,,,,,,,,,,,,,,,,,,,0.8082,0.683,0.7672,,,,,,,,,,,,,0.0898,0.166,0.4643,,,,,,,13.3327,8.6802,1.0191,,,,,,,0.1237,0.464,0.1692,,,,,,,,,,,,,,,,,,,,,,,,
34,沖縄県,与那原町,18410,19695,3750,11665,3902,6.98,9.71,2.78,16.2,271,131,1341,1351,0.928082191780822,1.1101694915254237,1.0143721633888048,1.0983739837398374,0.3651,0.6735,0.4105,0.032,0.068,0.2223,,,,,,,3.8789,3.2624,0.5462,,,,,,,8.0719,2.0971,1.916,,,,4.8663,2.8364,0.8383,607,760,5428,12890,2699,2.43,8.15,8.87,88.6,11.4,7,374,28534939618,2,1.8,2.1,7.2,8.5,1.3,1.4,0.2,1.2,0.6,0.3,0.1,0.1,353.03,1.0,155700,190180,222201,18913,15.6,64.5,1,8,6,170,29,11,31,16085,43.55,28.44,4.04,0.29,1.9,3.99,2.1,10.68,4.33,0.0,0.68,92,4,41,2.0134,1.1903,0.8007,6.9954,2.0011,1.711,,,,0.1259,0.2874,0.2018,2.1937,0.8752,1.1661,2.0953,3.0841,0.5064,1.8256,1.3242,0.6511,1.0315,0.823,0.5863,2.3519,1.9401,0.5772,,,,0.3163,0.4027,0.3656,0.8878,0.672,0.6237,0.6783,0.6506,0.4954,0.5946,1.0064,0.3124,0.5772,0.3857,0.7364,,,,,,,0.459,0.5781,0.3651,0.1901,0.4398,0.1957,,,,,,,0.0,0.4632,0.0,,,,2.0431,1.6366,0.6005,0.3052,0.8073,0.176,,,,2.403,1.0352,1.1172,0.2302,0.2845,0.3822,,,,0.2547,0.2882,0.414,,,,,,,,,,,,,,,,,,,,,,,,,,,,,,,,,,10.2549,8.7278,0.5721,,,,,,,,,,2.3525,0.9591,1.1493,,,,,,,,,,0.0878,0.238,0.2761,0.5495,0.4696,0.5642,,,,,,,,,,,,,,,,,,,,,,,,,,,,,,,,,,,,,,,,,,
35,沖縄県,南風原町,37502,40440,8161,24111,7862,7.83,10.58,2.8,23.17,575,265,2146,2017,1.0195035460992907,1.318407960199005,1.0046816479400749,0.8928729526339088,0.7495,0.5432,0.7067,0.2887,0.2506,0.5395,,,,0.3594,1.0583,0.1676,,,,,,,3.0279,1.6261,0.8752,,,,,,,2.3376,1.5688,0.7355,1063,1441,14829,40742,2604,1.43,7.48,8.97,88.9,11.1,7,374,28534939618,2,1.8,2.1,7.2,8.5,1.3,1.4,0.2,1.2,0.6,0.3,0.1,0.1,353.03,1.0,155700,190180,222201,18913,15.6,64.5,6,28,16,1633,292,32,131,16085,29.92,38.62,4.89,0.47,1.68,3.79,2.64,10.5,6.75,0.15,0.59,107,5,50,0.7957,0.7762,0.5128,1.9997,0.7264,1.2607,,,,0.1114,0.0901,0.6449,1.7719,1.071,0.7862,1.3777,1.1284,0.576,0.8537,0.4455,0.959,0.7182,0.5477,0.6103,1.1732,0.6202,0.893,,,,0.0344,0.0468,0.3391,0.387,0.3801,0.4898,2.5124,1.548,0.7722,1.8713,1.536,0.5838,0.5305,0.4597,0.5462,,,,,,,0.4946,0.4058,0.5935,0.0611,0.181,0.212,1.6487,1.202,0.6413,0.1693,0.0526,1.4897,,,,,,,2.0505,1.1573,0.829,,,,,,,1.1147,0.8172,0.6283,2.0195,1.3159,0.7184,,,,14.949,4.9446,1.9589,,,,,,,0.9962,0.6128,0.7589,,,,,,,0.767,0.4811,0.7353,,,,,,,,,,,,,,,,9.0365,7.89,0.5376,,,,,,,,,,1.857,0.9571,0.9012,,,,,,,,,,0.1236,0.208,0.2835,0.7955,0.4103,0.8832,,,,,,,,,,,,,,,,2.424,1.8252,0.6037,,,,,,,,,,,,,,,,,,,,,,,,
36,沖縄県,渡嘉敷村,730,718,138,434,146,-1.63,26.61,-6.86,-5.8,10,3,77,71,1.1111111111111112,0.25,1.0694444444444444,1.2033898305084745,,,,,,,,,,,,,,,,,,,,,,,,,,,,,,,70,79,327,532,1992,3.52,7.68,4.07,71.2,28.8,7,374,28534939618,2,1.8,2.1,7.2,8.5,1.3,1.4,0.2,1.2,0.6,0.3,0.1,0.1,353.03,1.0,155700,190180,222201,18913,15.6,64.5,0,1,1,0,1,1,0,16085,29.48,12.8,6.68,6.99,8.8,8.25,3.14,9.99,9.92,0.0,3.95,114,4,47,,,,,,,,,,,,,,,,,,,,,,,,,,,,,,,,,,,,,,,,,,,,,,51.2971,30.8345,0.5445,,,,,,,,,,,,,,,,,,,,,,,,,,,,,,,,,,,,,,,,,,,,,,,,,,,,,,,,,,,,,,,,,,,,,,,,,,,,,,,,,,,,,,,,,,,,,,,,,,,,,,,,,,,,,,,,,,,,,,,,,,,,,,,,,,,,,,,,,,,,,,,,,,,
37,沖縄県,座間味村,870,892,160,545,187,2.53,2.56,0.55,8.72,9,10,118,113,0.9,0.9090909090909091,1.102803738317757,1.0462962962962963,,,,,,,,,,,,,2.8476,1.2919,0.8987,,,,,,,,,,,,,,,,142,151,440,847,2160,2.44,3.6,5.84,85.1,14.9,7,374,28534939618,2,1.8,2.1,7.2,8.5,1.3,1.4,0.2,1.2,0.6,0.3,0.1,0.1,353.03,1.0,155700,190180,222201,18913,15.6,64.5,0,2,0,0,2,0,0,16085,20.2,7.15,23.29,1.99,5.19,22.25,0.97,12.13,5.13,0.0,1.7,96,4,45,,,,,,,,,,,,,7.6569,1.0461,2.8643,,,,,,,,,,,,,,,,,,,,,,,,,,,,,,,45.885,38.1738,0.4598,,,,,,,11.9221,16.0177,0.2835,,,,,,,,,,,,,,,,,,,,,,2.3229,5.4861,0.1655,,,,,,,,,,,,,,,,,,,,,,,,,,,,,,,,,,,,,,,,,,,,,,,,,,,,,,,,,,,,,,,,,,,,,,,,,,,,,,,,,,,,,,,,,,,,,,,,,,,,,,,,,,,,,,,,,,
38,沖縄県,粟国村,759,683,82,346,248,-10.0,-12.76,-16.42,-1.19,1,11,50,47,0.1111111111111111,0.55,1.25,0.8867924528301887,,,,0.199,2.0237,0.049,,,,,,,,,,,,,,,,31.7667,7.1014,2.2295,,,,,,,38,46,212,457,2701,0.0,3.36,1.34,86.5,13.5,7,374,28534939618,2,1.8,2.1,7.2,8.5,1.3,1.4,0.2,1.2,0.6,0.3,0.1,0.1,353.03,1.0,155700,190180,222201,18913,15.6,64.5,0,2,0,0,1,0,0,16085,37.82,11.12,4.95,5.78,2.2,18.47,0.75,6.87,7.64,0.0,4.4,80,3,39,,,,,,,,,,,,,,,,,,,2.4896,0.9545,1.2893,,,,,,,,,,,,,,,,,,,,,,,,,,,,,,,,,,,,,,,,,,,,,,,,,,,,,,,,,,,,,,,,,,,,,,,,,,,,,,,,,,,,,,,,,,,,,,,,,,,,,,,,,,,,,,,,,,,,,,,,,,,,,,,,,,,,,,,,,,,,,,,,,,,,,,,,,,,,,,,,,,,,,,,,,,,,,,
39,沖縄県,南大東村,1329,1285,202,767,316,-3.3,-11.39,-6.22,11.66,15,8,97,109,0.8823529411764706,0.7272727272727273,1.1149425287356323,1.0186915887850467,,,,,,,,,,,,,1.9526,1.9903,0.5886,,,,,,,,,,,,,8.9651,9.9389,0.4854,54,67,398,935,3169,0.5,1.91,1.51,73.1,26.9,7,374,28534939618,2,1.8,2.1,7.2,8.5,1.3,1.4,0.2,1.2,0.6,0.3,0.1,0.1,353.03,1.0,155700,190180,222201,18913,15.6,64.5,0,1,1,0,1,0,1,16085,7.47,9.49,6.35,58.38,1.48,6.87,0.32,3.31,5.59,0.0,0.74,141,5,66,,,,,,,,,,,,,8.7719,2.6861,1.7698,,,,,,,,,,,,,,,,,,,,,,,,,,,,,,,7.2025,4.4529,0.8568,,,,,,,,,,,,,,,,,,,10.6168,31.4726,0.2591,,,,,,,,,,,,,,,,,,,,,,,,,,,,,,,,,,,,,,,,,,,,,,,,,,,,,,,,,,,,,,,,,,,,,,,,,,,,,,,,,,,,,,,,,,,,,,,,,,,,,,,,,,,,,,,,,,,,,,,,,,,,,,
40,沖縄県,伊平屋村,1238,1126,195,598,333,-9.04,-17.71,-11.4,2.15,8,12,81,99,1.6,0.8,1.125,1.1,,,,0.4644,2.0263,0.1188,6.434,15.783,0.2131,,,,1.805,1.5267,0.5747,,,,,,,,,,,,,,,,54,66,252,534,2795,0.59,6.31,1.74,92.6,7.4,7,374,28534939618,2,1.8,2.1,7.2,8.5,1.3,1.4,0.2,1.2,0.6,0.3,0.1,0.1,353.03,1.0,155700,190180,222201,18913,15.6,64.5,0,1,1,0,1,1,0,16085,17.01,7.98,5.55,40.63,2.1,7.32,0.2,10.54,4.79,0.0,3.88,71,4,24,,,,,,,,,,,,,3.3109,2.0605,0.82,,,,8.2207,1.8205,2.3232,,,,,,,,,,,,,,,,,,,,,,,,,5.7753,6.4258,0.4483,,,,,,,,,,,,,,,,,,,,,,,,,,,,,,,,,,,,,,,,,,,,,,,,,,,,,,,,,,,,,,,,,,,,,,,,,,,,,,,,,,,,,,,,,,,,,,,,,,,,,,,,,,,,,,,,,,,,,,,,,,,,,,,,,,,,,,,,,,,,,,,,,,,
41,沖縄県,伊是名村,1517,1322,207,707,408,-12.84,-12.65,-17.78,-2.85,7,30,63,93,0.4666666666666667,1.5,0.7590361445783133,0.9117647058823529,,,,,,,,,,,,,,,,,,,,,,,,,,,,,,,72,88,425,688,2317,1.68,8.71,1.29,90.3,9.7,7,374,28534939618,2,1.8,2.1,7.2,8.5,1.3,1.4,0.2,1.2,0.6,0.3,0.1,0.1,353.03,1.0,155700,190180,222201,18913,15.6,64.5,0,2,1,0,1,1,0,16085,37.12,12.08,6.42,14.85,1.0,6.03,0.46,8.7,9.92,0.0,3.42,86,6,34,7.3856,8.6321,0.3684,,,,,,,,,,3.4055,1.2588,1.1447,,,,,,,,,,,,,,,,1.6499,1.7783,0.3928,,,,,,,,,,,,,9.5898,9.1504,0.4335,,,,,,,,,,,,,,,,,,,9.2785,17.0306,0.2334,,,,,,,,,,,,,,,,,,,,,,,,,,,,,,,,,,,,,,,,,,,,,,,,,,,,,,,,,,,,,,,,,,,,,,,,,,,,,,,,,,,,,,,,,,,,,,,,,,,,,,,,,,,,,,,,,,,,,,,,,,,,,,
42,沖縄県,久米島町,7755,7192,1075,3965,2145,-7.25,-11.73,-11.39,4.53,72,108,466,505,0.9,1.125,1.099056603773585,1.086021505376344,,,,1.0317,1.7015,0.3968,30.2952,24.7703,0.692,0.6991,6.3936,0.0644,2.3696,1.5727,0.877,,,,0.1899,0.1692,0.6245,9.7087,1.973,2.7628,,,,5.8186,2.8265,1.1292,471,546,2573,6422,3167,1.7,3.22,3.96,87.6,12.4,7,374,28534939618,2,1.8,2.1,7.2,8.5,1.3,1.4,0.2,1.2,0.6,0.3,0.1,0.1,353.03,1.0,155700,190180,222201,18913,15.6,64.5,1,3,1,40,5,1,12,16085,38.66,15.97,4.63,10.69,3.82,7.32,2.88,7.92,7.2,0.0,0.91,91,4,45,4.1814,2.4854,0.9455,,,,,,,0.6053,1.3268,0.2762,4.4568,1.5293,1.6705,0.5393,0.6552,0.4575,1.7753,0.9936,0.9949,1.6892,1.1958,0.7558,2.9207,3.5563,0.4643,,,,0.126,0.3199,0.2178,,,,,,,0.6477,1.6627,0.2449,,,,,,,,,,0.0149,0.1968,0.0413,0.3995,1.8667,0.115,1.1205,0.4858,1.2917,,,,,,,3.0853,3.812,0.4525,,,,,,,0.6064,0.7026,0.4778,0.5584,1.8713,0.1646,,,,,,,,,,,,,,,,0.3417,0.5291,0.3611,,,,,,,,,,,,,,,,,,,,,,,,,,,,,,,,,,,,,,,,,,,,,,,,,,,,0.0737,0.5595,0.07,,,,,,,,,,,,,,,,1.8661,1.7997,0.5646,,,,,,,139.9803,97.4378,0.8102,,,,,,,,,,,,,,,
43,沖縄県,八重瀬町,29066,30941,5977,17990,6925,6.45,12.46,-0.11,23.44,363,249,1637,1405,0.9052369077306733,1.0418410041841004,0.9264289756649688,1.054013503375844,0.1275,0.202,0.5365,0.241,0.3792,0.5325,0.2044,1.9958,0.0866,0.276,0.189,1.205,0.1436,0.2062,0.5836,,,,13.951,10.092,1.149,4.748,1.8717,2.139,,,,0.4924,0.8498,0.4748,602,770,6108,56875,4581,1.4,6.05,7.57,85.9,14.1,7,374,28534939618,2,1.8,2.1,7.2,8.5,1.3,1.4,0.2,1.2,0.6,0.3,0.1,0.1,353.03,1.0,155700,190180,222201,18913,15.6,64.5,1,12,7,345,81,16,45,16085,30.78,33.77,4.09,4.2,0.92,3.47,2.44,12.32,7.43,0.0,0.58,89,6,41,0.2419,0.4737,0.4353,0.6872,0.3636,1.5876,,,,,,,0.2414,0.3142,0.6338,0.0704,0.1922,0.3289,0.2343,0.4125,0.715,1.8477,0.355,4.4641,0.1966,0.2999,0.5536,0.0783,0.1067,0.6157,0.3085,0.3357,0.7587,0.1453,0.2834,0.4294,,,,0.0615,0.2697,0.2155,0.1843,0.3907,0.3953,,,,0.0754,0.3978,0.3854,0.095,0.1438,0.5835,0.588,0.5468,0.8633,0.0486,0.1966,0.2069,0.0104,0.0154,0.557,0.6993,0.1185,5.0863,1.5779,2.395,0.6211,0.6599,0.8378,0.6593,,,,,,,,,,0.5108,0.6002,0.7126,,,,,,,,,,,,,0.3759,0.2558,1.2271,,,,,,,0.3566,0.4499,0.6541,,,,,,,,,,,,,,,,0.2255,0.6227,0.307,,,,,,,,,,,,,,,,,,,,,,,,,,,,,,,,,,,,,,,,,,,,,,,,,,,,,,,,,,0.0853,0.2214,0.3222,,,,,,,,,
44,沖縄県,多良間村,1194,1058,150,585,323,-11.38,-27.87,-12.81,2.54,5,7,48,66,0.8333333333333334,0.5384615384615384,0.8275862068965517,0.7096774193548387,,,,,,,,,,,,,,,,,,,,,,,,,,,,,,,49,58,188,253,1944,1.76,4.07,0.83,81.6,18.4,7,374,28534939618,2,1.8,2.1,7.2,8.5,1.3,1.4,0.2,1.2,0.6,0.3,0.1,0.1,353.03,1.0,155700,190180,222201,18913,15.6,64.5,0,1,1,0,1,2,0,16085,55.82,4.61,3.06,15.16,1.84,6.36,0.23,5.29,6.59,0.0,1.04,85,4,47,,,,,,,,,,,,,2.6504,2.8759,0.3271,0.2408,1.8608,0.0462,,,,,,,,,,,,,,,,,,,,,,,,,,,,11.2369,7.4179,0.5255,,,,,,,,,,,,,,,,,,,,,,,,,,,,,,,,,,,,,,,,,,,,,,,,,,,,,,,,,,,,,,,,,,,,,,,,,,,,,,,,,,,,,,,,,,,,,,,,,,,,,,,,,,,,,,,,,,,,,,,,,,,,,,,,,,,,,,,,,,,,,,,,,,,
45,沖縄県,竹富町,3998,3942,707,2308,905,-1.39,3.97,-6.51,13.41,57,49,507,564,1.3255813953488371,1.4848484848484849,0.8464106844741235,0.986013986013986,,,,0.1227,0.1999,0.1912,,,,,,,3.4812,1.5249,0.7847,0.1778,0.308,0.1725,,,,,,,,,,,,,345,403,1987,2891,1858,1.5,3.46,1.16,88.7,11.3,7,374,28534939618,2,1.8,2.1,7.2,8.5,1.3,1.4,0.2,1.2,0.6,0.3,0.1,0.1,353.03,1.0,155700,190180,222201,18913,15.6,64.5,0,7,3,0,6,2,0,16085,23.53,23.52,8.0,13.58,1.43,10.04,0.96,10.15,7.78,0.0,1.01,114,5,67,,,,,,,,,,0.4364,2.6398,0.0534,-0.6052,0.869,-0.2255,,,,1.2994,0.9833,0.4453,0.2472,0.2065,0.3557,1.098,0.9871,0.3492,0.4915,0.4879,0.3573,,,,,,,,,,0.1238,0.3944,0.0949,,,,43.5879,29.443,0.4972,0.721,0.4157,0.5354,12.9027,5.0174,0.8194,10.1146,8.1607,0.3794,,,,,,,,,,,,,,,,,,,,,,3.6671,3.4627,0.3824,,,,,,,,,,,,,,,,,,,,,,,,,,,,,,,,,,,,,,,,,,,18.1333,7.8251,0.7442,1221.4904,27.0323,19.5896,,,,,,,,,,,,,,,,,,,,,,,,,,,,,,,,,,,,,,,,,,,,,,,,,,,,,,,,,,,,,,,,,,
46,沖縄県,与那国町,1843,1676,302,1014,360,-9.05,30.74,-20.21,5.57,13,20,247,266,1.0833333333333333,0.9523809523809523,1.54375,1.6835443037974684,,,,3.5532,1.8809,0.6759,,,,1.4646,7.5113,0.0733,3.3928,1.6232,0.6613,0.2077,0.4517,0.1434,,,,,,,,,,,,,159,179,576,882,1935,1.39,6.15,3.48,84.5,15.5,7,374,28534939618,2,1.8,2.1,7.2,8.5,1.3,1.4,0.2,1.2,0.6,0.3,0.1,0.1,353.03,1.0,155700,190180,222201,18913,15.6,64.5,0,3,1,0,2,0,0,16085,15.72,13.29,25.58,16.27,4.36,7.36,0.26,8.66,6.46,0.0,2.04,137,9,62,,,,,,,,,,3.3489,1.2645,0.8397,5.3601,1.4475,1.1861,,,,0.7919,1.4287,0.179,,,,,,,,,,,,,,,,,,,,,,,,,13.5004,13.4201,0.4042,,,,,,,1.0068,1.244,0.2523,,,,,,,,,,,,,,,,,,,,,,,,,,,,,,,,,,,,,,,,,,,,,,,,,,,,,,,,,,,,,,,,,,,,,,,,,,,,,,,,,,,,,,,,,,,,,,,,,,,,,,,,,,,,,,,,,,,,,,,,,,,,,,,,,,,,,,,,,,
